source_item_id,source_repo,state,importance,paper_title,venue,project_link_or_github_link,paper_link,sort,pdf_path,paper_id,item_type,updated_at
srcitem:5a556886dc4e,foruck__awesome-human-motion,Downloaded,Unrated,"Advances in 4D Representation: Geometry, Motion, and Interaction",arXiv 2025,N/A,https://arxiv.org/abs/2510.19255,Reviews_and_Surveys,paperPDFs/Reviews_and_Surveys/arXiv_2025/2025_Advances_in_4D_Representation_Geometry_Motion_and_Interaction.pdf,arxiv:2510.19255,paper,2026-04-22T22:30:10+08:00
srcitem:83acc47135db,foruck__awesome-human-motion,Downloaded,Unrated,Chang et al.: Large-Scale Multi-Character Interaction Synthesis,SIGGRAPH 2025,N/A,https://arxiv.org/abs/2505.14087,Motion_Generation_Text_Speech_Music_Driven,paperPDFs/Motion_Generation_Text_Speech_Music_Driven/SIGGRAPH_2025/2025_Chang_et_al._Large_Scale_Multi_Character_Interaction_Synthesis.pdf,arxiv:2505.14087,paper,2026-04-22T22:30:10+08:00
srcitem:83fbb72e4d5f,foruck__awesome-human-motion,Downloaded,Unrated,MOST: Motion Diffusion Model for Rare Text via Temporal Clip Banzhaf Interaction,arXiv 2025,N/A,https://arxiv.org/abs/2507.06590,Motion_Generation_Text_Speech_Music_Driven,paperPDFs/Motion_Generation_Text_Speech_Music_Driven/arXiv_2025/2025_MOST_Motion_Diffusion_Model_for_Rare_Text_via_Temporal_Clip_Banzhaf_Interaction.pdf,arxiv:2507.06590,paper,2026-04-22T22:30:10+08:00
srcitem:ed90b64c6c94,foruck__awesome-human-motion,Downloaded,Unrated,ViHOI: Human-Object Interaction Synthesis with Visual Priors,CVPR 2026,N/A,https://arxiv.org/abs/2603.24383,Human_Object_Interaction,paperPDFs/Human_Object_Interaction/CVPR_2026/2026_ViHOI_Human_Object_Interaction_Synthesis_with_Visual_Priors.pdf,arxiv:2603.24383,paper,2026-04-22T22:30:10+08:00
srcitem:39f145106c66,foruck__awesome-human-motion,Downloaded,Unrated,Hoi3DGen: Generating High-Quality Human-Object-Interactions in 3D,arXiv 2026,N/A,https://arxiv.org/abs/2603.12126,Human_Object_Interaction,paperPDFs/Human_Object_Interaction/arXiv_2026/2026_Hoi3DGen_Generating_High_Quality_Human_Object_Interactions_in_3D.pdf,arxiv:2603.12126,paper,2026-04-22T22:30:10+08:00
srcitem:3ae6b2a822b7,foruck__awesome-human-motion,Downloaded,Unrated,TeamHOI: Learning a Unified Policy for Cooperative Human-Object Interactions with Any Team Size,CVPR 2026,N/A,https://arxiv.org/abs/2603.07988,Human_Object_Interaction,paperPDFs/Human_Object_Interaction/CVPR_2026/2026_TeamHOI_Learning_a_Unified_Policy_for_Cooperative_Human_Object_Interactions_with_Any_Team_Size.pdf,arxiv:2603.07988,paper,2026-04-22T22:30:10+08:00
srcitem:99aad6acbaec,foruck__awesome-human-motion,Downloaded,Unrated,InterReal: A Unified Physics-Based Imitation Framework for Learning Human-Object Interaction Skills,arXiv 2026,N/A,https://arxiv.org/abs/2603.07516,Human_Object_Interaction,paperPDFs/Human_Object_Interaction/arXiv_2026/2026_InterReal_A_Unified_Physics_Based_Imitation_Framework_for_Learning_Human_Object_Interaction_Skills.pdf,arxiv:2603.07516,paper,2026-04-22T22:30:10+08:00
srcitem:9ae6773002fa,foruck__awesome-human-motion,Downloaded,Unrated,OnlineHOI: Towards Online Human-Object Interaction Generation and Perception,ACM MM 2025,N/A,https://arxiv.org/abs/2509.12250,Human_Object_Interaction,paperPDFs/Human_Object_Interaction/ACM_MM_2025/2025_OnlineHOI_Towards_Online_Human_Object_Interaction_Generation_and_Perception.pdf,arxiv:2509.12250,paper,2026-04-22T22:30:10+08:00
srcitem:7355807970ed,foruck__awesome-human-motion,Downloaded,Unrated,SMGDiff: Soccer Motion Generation using diffusion probabilistic models,ICCV 2025,N/A,https://arxiv.org/abs/2411.16216,Human_Object_Interaction,paperPDFs/Human_Object_Interaction/ICCV_2025/2025_SMGDiff_Soccer_Motion_Generation_using_diffusion_probabilistic_models.pdf,arxiv:2411.16216,paper,2026-04-22T22:30:10+08:00
srcitem:cd6d0ccadeff,foruck__awesome-human-motion,Downloaded,Unrated,PhysicsFC: Learning User-Controlled Skills for a Physics-Based Football Player Controller,SIGGRAPH 2025,N/A,https://arxiv.org/abs/2504.21216,Human_Object_Interaction,paperPDFs/Human_Object_Interaction/SIGGRAPH_2025/2025_PhysicsFC_Learning_User_Controlled_Skills_for_a_Physics_Based_Football_Player_Controller.pdf,arxiv:2504.21216,paper,2026-04-22T22:30:10+08:00
srcitem:81b72e5f0db6,foruck__awesome-human-motion,Downloaded,Unrated,SkillMimic-v2: Learning Robust and Generalizable Interaction Skills from Sparse and Noisy Demonstrations,SIGGRAPH 2025,N/A,https://arxiv.org/abs/2505.02094,Human_Object_Interaction,paperPDFs/Human_Object_Interaction/SIGGRAPH_2025/2025_SkillMimic_v2_Learning_Robust_and_Generalizable_Interaction_Skills_from_Sparse_and_Noisy_Demonstrations.pdf,arxiv:2505.02094,paper,2026-04-22T22:30:10+08:00
srcitem:65d86840d333,foruck__awesome-human-motion,Downloaded,Unrated,ChainHOI: Joint-based Kinematic Chain Modeling for Human-Object Interaction Generation,CVPR 2025,N/A,https://arxiv.org/abs/2503.13130,Human_Object_Interaction,paperPDFs/Human_Object_Interaction/CVPR_2025/2025_ChainHOI_Joint_based_Kinematic_Chain_Modeling_for_Human_Object_Interaction_Generation.pdf,arxiv:2503.13130,paper,2026-04-22T22:30:10+08:00
srcitem:a737cca91d4d,foruck__awesome-human-motion,Downloaded,Unrated,An Image-like Diffusion Method for Human-Object Interaction Detection,CVPR 2025,N/A,https://arxiv.org/abs/2503.18134,Human_Object_Interaction,paperPDFs/Human_Object_Interaction/CVPR_2025/2025_An_Image_like_Diffusion_Method_for_Human_Object_Interaction_Detection.pdf,arxiv:2503.18134,paper,2026-04-22T22:30:10+08:00
srcitem:c430742849a1,foruck__awesome-human-motion,Downloaded,Unrated,PersonaHOI: Effortlessly Improving Personalized Face with Human-Object Interaction Generation,CVPR 2025,N/A,https://arxiv.org/abs/2501.05823,Human_Object_Interaction,paperPDFs/Human_Object_Interaction/CVPR_2025/2025_PersonaHOI_Effortlessly_Improving_Personalized_Face_with_Human_Object_Interaction_Generation.pdf,arxiv:2501.05823,paper,2026-04-22T22:30:10+08:00
srcitem:ff4497ba43fe,foruck__awesome-human-motion,Downloaded,Unrated,MobileH2R: Learning Generalizable Human to Mobile Robot Handover Exclusively from Scalable and Diverse Synthetic Data,CVPR 2025,N/A,https://arxiv.org/abs/2501.04595,Human_Object_Interaction,paperPDFs/Human_Object_Interaction/CVPR_2025/2025_MobileH2R_Learning_Generalizable_Human_to_Mobile_Robot_Handover_Exclusively_from_Scalable_and_Diverse_Synthetic_Data.pdf,arxiv:2501.04595,paper,2026-04-22T22:30:10+08:00
srcitem:5ef6139e459d,foruck__awesome-human-motion,Downloaded,Unrated,ARDHOI: Auto-Regressive Diffusion for Generating 3D Human-Object Interactions,AAAI 2025,N/A,https://arxiv.org/abs/2503.16801,Human_Object_Interaction,paperPDFs/Human_Object_Interaction/AAAI_2025/2025_ARDHOI_Auto_Regressive_Diffusion_for_Generating_3D_Human_Object_Interactions.pdf,arxiv:2503.16801,paper,2026-04-22T22:30:10+08:00
srcitem:46d192d1e503,foruck__awesome-human-motion,Downloaded,Unrated,3D Whole-body Grasp Synthesis with Directional Controllability,3DV 2025,N/A,https://arxiv.org/abs/2408.16770,Human_Object_Interaction,paperPDFs/Human_Object_Interaction/3DV_2025/2025_3D_Whole_body_Grasp_Synthesis_with_Directional_Controllability.pdf,arxiv:2408.16770,paper,2026-04-22T22:30:10+08:00
srcitem:8d9261846738,foruck__awesome-human-motion,Downloaded,Unrated,"MotionVerse: A Unified Multimodal Framework for Motion Comprehension, Generation and Editing",PAMI 2025,N/A,https://arxiv.org/abs/2509.23635,Human_Object_Interaction,paperPDFs/Human_Object_Interaction/PAMI_2025/2025_MotionVerse_A_Unified_Multimodal_Framework_for_Motion_Comprehension_Generation_and_Editing.pdf,arxiv:2509.23635,paper,2026-04-22T22:30:10+08:00
srcitem:5fe78b0f6984,foruck__awesome-human-motion,Downloaded,Unrated,EigenActor: Variant Body-Object Interaction Generation Evolved from Invariant Action Basis Reasoning,PAMI 2025,N/A,https://arxiv.org/abs/2503.00382,Human_Object_Interaction,paperPDFs/Human_Object_Interaction/PAMI_2025/2025_EigenActor_Variant_Body_Object_Interaction_Generation_Evolved_from_Invariant_Action_Basis_Reasoning.pdf,arxiv:2503.00382,paper,2026-04-22T22:30:10+08:00
srcitem:db9b25bc372c,foruck__awesome-human-motion,Downloaded,Unrated,InteractMove: Text-Controlled Human-Object Interaction Generation in 3D Scenes with Movable Objects,arXiv 2025,N/A,https://arxiv.org/abs/2509.23612,Human_Object_Interaction,paperPDFs/Human_Object_Interaction/arXiv_2025/2025_InteractMove_Text_Controlled_Human_Object_Interaction_Generation_in_3D_Scenes_with_Movable_Objects.pdf,arxiv:2509.23612,paper,2026-04-22T22:30:10+08:00
srcitem:e0d6f4e0d0ed,foruck__awesome-human-motion,Downloaded,Unrated,ECHO: Ego-Centric modeling of Human-Object interactions,arXiv 2025,N/A,https://arxiv.org/abs/2508.21556,Human_Object_Interaction,paperPDFs/Human_Object_Interaction/arXiv_2025/2025_ECHO_Ego_Centric_modeling_of_Human_Object_interactions.pdf,arxiv:2508.21556,paper,2026-04-22T22:30:10+08:00
srcitem:db58ef68e3e2,foruck__awesome-human-motion,Downloaded,Unrated,CoopDiff: Anticipating 3D Human-object Interactions via Contact-consistent Decoupled Diffusion,arXiv 2025,N/A,https://arxiv.org/abs/2508.07162,Human_Object_Interaction,paperPDFs/Human_Object_Interaction/arXiv_2025/2025_CoopDiff_Anticipating_3D_Human_object_Interactions_via_Contact_consistent_Decoupled_Diffusion.pdf,arxiv:2508.07162,paper,2026-04-22T22:30:10+08:00
srcitem:3170456c14d2,foruck__awesome-human-motion,Downloaded,Unrated,HOI-Dyn: Learning Interaction Dynamics for Human-Object Motion Diffusion,arXiv 2025,N/A,https://arxiv.org/abs/2507.01737,Human_Object_Interaction,paperPDFs/Human_Object_Interaction/arXiv_2025/2025_HOI_Dyn_Learning_Interaction_Dynamics_for_Human_Object_Motion_Diffusion.pdf,arxiv:2507.01737,paper,2026-04-22T22:30:10+08:00
srcitem:0e1c981cf2ed,foruck__awesome-human-motion,Downloaded,Unrated,GenHOI: Generalizing Text-driven 4D Human-Object Interaction Synthesis for Unseen Objects,arXiv 2025,N/A,https://arxiv.org/abs/2506.15483,Human_Object_Interaction,paperPDFs/Human_Object_Interaction/arXiv_2025/2025_GenHOI_Generalizing_Text_driven_4D_Human_Object_Interaction_Synthesis_for_Unseen_Objects.pdf,arxiv:2506.15483,paper,2026-04-22T22:30:10+08:00
srcitem:0b08f2afa573,foruck__awesome-human-motion,Downloaded,Unrated,MaskedManipulator: Versatile Whole-Body Control for Loco-Manipulation,arXiv 2025,N/A,https://arxiv.org/abs/2505.19086,Human_Object_Interaction,paperPDFs/Human_Object_Interaction/arXiv_2025/2025_MaskedManipulator_Versatile_Whole_Body_Control_for_Loco_Manipulation.pdf,arxiv:2505.19086,paper,2026-04-22T22:30:10+08:00
srcitem:d1ea6fc7f9a8,foruck__awesome-human-motion,Downloaded,Unrated,UniHM: Universal Human Motion Generation with Object Interactions in Indoor Scenes,arXiv 2025,N/A,https://arxiv.org/abs/2505.12774,Human_Object_Interaction,paperPDFs/Human_Object_Interaction/arXiv_2025/2025_UniHM_Universal_Human_Motion_Generation_with_Object_Interactions_in_Indoor_Scenes.pdf,arxiv:2505.12774,paper,2026-04-22T22:30:10+08:00
srcitem:c8d57dd22cb3,foruck__awesome-human-motion,Downloaded,Unrated,EJIM: Efficient Explicit Joint-level Interaction Modeling with Mamba for Text-guided HOI Generation,arXiv 2025,N/A,https://arxiv.org/abs/2503.23121,Human_Object_Interaction,paperPDFs/Human_Object_Interaction/arXiv_2025/2025_EJIM_Efficient_Explicit_Joint_level_Interaction_Modeling_with_Mamba_for_Text_guided_HOI_Generation.pdf,arxiv:2503.23121,paper,2026-04-22T22:30:10+08:00
srcitem:c5a3cc9a61df,foruck__awesome-human-motion,Downloaded,Unrated,CHOICE: Coordinated Human-Object Interaction in Cluttered Environments for Pick-and-Place Actions,arXiv 2024,N/A,https://arxiv.org/abs/2412.06702,Human_Object_Interaction,paperPDFs/Human_Object_Interaction/arXiv_2024/2024_CHOICE_Coordinated_Human_Object_Interaction_in_Cluttered_Environments_for_Pick_and_Place_Actions.pdf,arxiv:2412.06702,paper,2026-04-22T22:30:10+08:00
srcitem:ea39821da4f2,foruck__awesome-human-motion,Downloaded,Unrated,COLLAGE: Collaborative Human-Agent Interaction Generation using Hierarchical Latent Diffusion and Language Models,arXiv 2024,N/A,https://arxiv.org/abs/2409.20502,Human_Object_Interaction,paperPDFs/Human_Object_Interaction/arXiv_2024/2024_COLLAGE_Collaborative_Human_Agent_Interaction_Generation_using_Hierarchical_Latent_Diffusion_and_Language_Models.pdf,arxiv:2409.20502,paper,2026-04-22T22:30:10+08:00
srcitem:ea3d196e4b6f,foruck__awesome-human-motion,Downloaded,Unrated,HumanVLA: Towards Vision-Language Directed Object Rearrangement by Physical Humanoid,NeurIPS 2024,N/A,https://arxiv.org/abs/2406.19972,Human_Object_Interaction,paperPDFs/Human_Object_Interaction/NeurIPS_2024/2024_HumanVLA_Towards_Vision_Language_Directed_Object_Rearrangement_by_Physical_Humanoid.pdf,arxiv:2406.19972,paper,2026-04-22T22:30:10+08:00
srcitem:b4a1f8208793,foruck__awesome-human-motion,Downloaded,Unrated,InterDreamer: Zero-Shot Text to 3D Dynamic Human-Object Interaction,NeurIPS 2024,N/A,https://arxiv.org/abs/2403.19652,Human_Object_Interaction,paperPDFs/Human_Object_Interaction/NeurIPS_2024/2024_InterDreamer_Zero_Shot_Text_to_3D_Dynamic_Human_Object_Interaction.pdf,arxiv:2403.19652,paper,2026-04-22T22:30:10+08:00
srcitem:306ffda335df,foruck__awesome-human-motion,Downloaded,Unrated,TOCH: Spatio-Temporal Object-to-Hand Correspondence for Motion Refinement,ECCV 2022,N/A,https://www.ecva.net/papers/eccv_2022/papers_ECCV/papers/136630001.pdf,Human_Object_Interaction,paperPDFs/Human_Object_Interaction/ECCV_2022/2022_TOCH_Spatio_Temporal_Object_to_Hand_Correspondence_for_Motion_Refinement.pdf,hash:a7c9e21c,paper,2026-04-22T22:30:10+08:00
srcitem:0d58d6013112,foruck__awesome-human-motion,Downloaded,Unrated,ArtHOI: Articulated Human-Object Interaction Synthesis by 4D Reconstruction from Video Priors,arXiv 2026,N/A,https://arxiv.org/abs/2603.04338,Human_Scene_Interaction,paperPDFs/Human_Scene_Interaction/arXiv_2026/2026_ArtHOI_Articulated_Human_Object_Interaction_Synthesis_by_4D_Reconstruction_from_Video_Priors.pdf,arxiv:2603.04338,paper,2026-04-22T22:30:10+08:00
srcitem:c85506c56080,foruck__awesome-human-motion,Downloaded,Unrated,SceMoS: Scene-Aware 3D Human Motion Synthesis by Planning with Geometry-Grounded Tokens,arXiv 2026,N/A,https://arxiv.org/abs/2602.20476,Human_Scene_Interaction,paperPDFs/Human_Scene_Interaction/arXiv_2026/2026_SceMoS_Scene_Aware_3D_Human_Motion_Synthesis_by_Planning_with_Geometry_Grounded_Tokens.pdf,arxiv:2602.20476,paper,2026-04-22T22:30:10+08:00
srcitem:a166557e04ad,foruck__awesome-human-motion,Downloaded,Unrated,"Dynamic Worlds, Dynamic Humans: Generating Virtual Human-Scene Interaction Motion in Dynamic Scenes",arXiv 2026,N/A,https://arxiv.org/abs/2601.19484,Human_Scene_Interaction,paperPDFs/Human_Scene_Interaction/arXiv_2026/2026_Dynamic_Worlds_Dynamic_Humans_Generating_Virtual_Human_Scene_Interaction_Motion_in_Dynamic_Scenes.pdf,arxiv:2601.19484,paper,2026-04-22T22:30:10+08:00
srcitem:c1279e064913,foruck__awesome-human-motion,Downloaded,Unrated,SIMS: Simulating Human-Scene Interactions with Real World Script Planning,ICCV 2025,N/A,https://arxiv.org/abs/2411.19921,Human_Scene_Interaction,paperPDFs/Human_Scene_Interaction/ICCV_2025/2025_SIMS_Simulating_Human_Scene_Interactions_with_Real_World_Script_Planning.pdf,arxiv:2411.19921,paper,2026-04-22T22:30:10+08:00
srcitem:a1eaa551f8e5,foruck__awesome-human-motion,Downloaded,Unrated,HSI-GPT: A General-Purpose Large Scene-Motion-Language Model for Human Scene Interaction. Wang et al.,CVPR 2025,N/A,https://openaccess.thecvf.com/content/CVPR2025/papers/Wang_HSI-GPT_A_General-Purpose_Large_Scene-Motion-Language_Model_for_Human_Scene_Interaction_CVPR_2025_paper.pdf,Human_Scene_Interaction,paperPDFs/Human_Scene_Interaction/CVPR_2025/2025_HSI_GPT_A_General_Purpose_Large_Scene_Motion_Language_Model_for_Human_Scene_Interaction._Wang_et_al.pdf,hash:0fda2269,paper,2026-04-22T22:30:10+08:00
srcitem:9cddabac9314,foruck__awesome-human-motion,Downloaded,Unrated,EnvPoser: Environment-aware Realistic Human Motion Estimation from Sparse Observations with Uncertainty Modeling. Xia et al.,CVPR 2025,N/A,https://arxiv.org/abs/2412.10235,Human_Scene_Interaction,paperPDFs/Human_Scene_Interaction/CVPR_2025/2025_EnvPoser_Environment_aware_Realistic_Human_Motion_Estimation_from_Sparse_Observations_with_Uncertainty_Modeling._Xia_et_al.pdf,arxiv:2412.10235,paper,2026-04-22T22:30:10+08:00
srcitem:104d67351d4a,foruck__awesome-human-motion,Downloaded,Unrated,GHOST: Grounded Human Motion Generation with Open Vocabulary Scene-and-Text Contexts,WACV 2025,N/A,https://arxiv.org/abs/2405.18438,Human_Scene_Interaction,paperPDFs/Human_Scene_Interaction/WACV_2025/2025_GHOST_Grounded_Human_Motion_Generation_with_Open_Vocabulary_Scene_and_Text_Contexts.pdf,arxiv:2405.18438,paper,2026-04-22T22:30:10+08:00
srcitem:755789281cc0,foruck__awesome-human-motion,Downloaded,Unrated,Prime and Reach: Synthesising Body Motion for Gaze-Primed Object Reach,arXiv 2025,N/A,https://arxiv.org/abs/2512.16456,Human_Scene_Interaction,paperPDFs/Human_Scene_Interaction/arXiv_2025/2025_Prime_and_Reach_Synthesising_Body_Motion_for_Gaze_Primed_Object_Reach.pdf,arxiv:2512.16456,paper,2026-04-22T22:30:10+08:00
srcitem:5ffa63512048,foruck__awesome-human-motion,Downloaded,Unrated,Uni-Inter: Unifying 3D Human Motion Synthesis Across Diverse Interaction Contexts,arXiv 2025,N/A,https://arxiv.org/abs/2511.13032,Human_Scene_Interaction,paperPDFs/Human_Scene_Interaction/arXiv_2025/2025_Uni_Inter_Unifying_3D_Human_Motion_Synthesis_Across_Diverse_Interaction_Contexts.pdf,arxiv:2511.13032,paper,2026-04-22T22:30:10+08:00
srcitem:baf14e507de5,foruck__awesome-human-motion,Downloaded,Unrated,SSOMotion: HumanMotion Synthesis in 3D Scenes via Unified Scene Semantic Occupancy,arXiv 2025,N/A,https://arxiv.org/abs/2511.07819,Human_Scene_Interaction,paperPDFs/Human_Scene_Interaction/arXiv_2025/2025_SSOMotion_HumanMotion_Synthesis_in_3D_Scenes_via_Unified_Scene_Semantic_Occupancy.pdf,arxiv:2511.07819,paper,2026-04-22T22:30:10+08:00
srcitem:f379b5bb3e76,foruck__awesome-human-motion,Downloaded,Unrated,SceneAdapt: Scene-aware Adaptation of Human Motion Diffusion,arXiv 2025,N/A,https://arxiv.org/abs/2510.13044,Human_Scene_Interaction,paperPDFs/Human_Scene_Interaction/arXiv_2025/2025_SceneAdapt_Scene_aware_Adaptation_of_Human_Motion_Diffusion.pdf,arxiv:2510.13044,paper,2026-04-22T22:30:10+08:00
srcitem:7bb4cf35a12e,foruck__awesome-human-motion,Downloaded,Unrated,GenHSI: Controllable Generation of Human-Scene Interaction Videos,arXiv 2025,N/A,https://arxiv.org/abs/2506.19840,Human_Scene_Interaction,paperPDFs/Human_Scene_Interaction/arXiv_2025/2025_GenHSI_Controllable_Generation_of_Human_Scene_Interaction_Videos.pdf,arxiv:2506.19840,paper,2026-04-22T22:30:10+08:00
srcitem:83524164a669,foruck__awesome-human-motion,Downloaded,Unrated,HIS-GPT: Towards 3D Human-In-Scene Multimodal Understanding,arXiv 2025,N/A,https://arxiv.org/abs/2503.12955,Human_Scene_Interaction,paperPDFs/Human_Scene_Interaction/arXiv_2025/2025_HIS_GPT_Towards_3D_Human_In_Scene_Multimodal_Understanding.pdf,arxiv:2503.12955,paper,2026-04-22T22:30:10+08:00
srcitem:1f12b2359e4c,foruck__awesome-human-motion,Downloaded,Unrated,Jointly Understand Your Command and Intention: Reciprocal Co-Evolution between Scene-Aware 3D Human Motion Synthesis and Analysis,arXiv 2025,N/A,https://arxiv.org/abs/2503.00371,Human_Scene_Interaction,paperPDFs/Human_Scene_Interaction/arXiv_2025/2025_Jointly_Understand_Your_Command_and_Intention_Reciprocal_Co_Evolution_between_Scene_Aware_3D_Human_Motion_Synthesis_and_Analysis.pdf,arxiv:2503.00371,paper,2026-04-22T22:30:10+08:00
srcitem:c6bf52b123ff,foruck__awesome-human-motion,Downloaded,Unrated,Purposer: Putting Human Motion Generation in Context,3DV 2024,N/A,https://arxiv.org/abs/2404.12942,Human_Scene_Interaction,paperPDFs/Human_Scene_Interaction/3DV_2024/2024_Purposer_Putting_Human_Motion_Generation_in_Context.pdf,arxiv:2404.12942,paper,2026-04-22T22:30:10+08:00
srcitem:afbf001092f0,foruck__awesome-human-motion,Downloaded,Unrated,Generating Continual Human Motion in Diverse 3D Scenes,3DV 2024,N/A,https://arxiv.org/abs/2304.02061,Human_Scene_Interaction,paperPDFs/Human_Scene_Interaction/3DV_2024/2024_Generating_Continual_Human_Motion_in_Diverse_3D_Scenes.pdf,arxiv:2304.02061,paper,2026-04-22T22:30:10+08:00
srcitem:8ad6feb254d1,foruck__awesome-human-motion,Downloaded,Unrated,Wang et al.: Towards Diverse and Natural Scene-aware 3D Human Motion Synthesis,CVPR 2022,N/A,https://openaccess.thecvf.com/content/CVPR2022/papers/Wang_Towards_Diverse_and_Natural_Scene-Aware_3D_Human_Motion_Synthesis_CVPR_2022_paper.pdf,Human_Scene_Interaction,paperPDFs/Human_Scene_Interaction/CVPR_2022/2022_Wang_et_al._Towards_Diverse_and_Natural_Scene_aware_3D_Human_Motion_Synthesis.pdf,hash:fd00e609,paper,2026-04-22T22:30:10+08:00
srcitem:1366371a86ae,foruck__awesome-human-motion,Downloaded,Unrated,PSI: Generating 3D People in Scenes without People,CVPR 2020,N/A,https://openaccess.thecvf.com/content_CVPR_2020/papers/Zhang_Generating_3D_People_in_Scenes_Without_People_CVPR_2020_paper.pdf,Human_Scene_Interaction,paperPDFs/Human_Scene_Interaction/CVPR_2020/2020_PSI_Generating_3D_People_in_Scenes_without_People.pdf,hash:d68c85c8,paper,2026-04-22T22:30:10+08:00
srcitem:8fe1feb832e7,foruck__awesome-human-motion,Downloaded,Unrated,NSM: Neural State Machine for Character-Scene Interactions,SIGGRAPH Asia 2019,N/A,https://www.ipab.inf.ed.ac.uk/cgvu/nsm.pdf,Human_Scene_Interaction,paperPDFs/Human_Scene_Interaction/SIGGRAPH_Asia_2019/2019_NSM_Neural_State_Machine_for_Character_Scene_Interactions.pdf,hash:3d2221b2,paper,2026-04-22T22:30:10+08:00
srcitem:839c82eaeb39,foruck__awesome-human-motion,Downloaded,Unrated,Learning to Assist: Physics-Grounded Human-Human Control via Multi-Agent Reinforcement Learning,CVPR 2026,N/A,https://arxiv.org/abs/2603.11346,Human_Human_Interaction,paperPDFs/Human_Human_Interaction/CVPR_2026/2026_Learning_to_Assist_Physics_Grounded_Human_Human_Control_via_Multi_Agent_Reinforcement_Learning.pdf,arxiv:2603.11346,paper,2026-04-22T22:30:10+08:00
srcitem:e5466bfba64f,foruck__awesome-human-motion,Downloaded,Unrated,Rhythm: Learning Interactive Whole-Body Control for Dual Humanoids,arXiv 2026,N/A,https://arxiv.org/abs/2603.02856,Human_Human_Interaction,paperPDFs/Human_Human_Interaction/arXiv_2026/2026_Rhythm_Learning_Interactive_Whole_Body_Control_for_Dual_Humanoids.pdf,arxiv:2603.02856,paper,2026-04-22T22:30:10+08:00
srcitem:7b76b2bb2af8,foruck__awesome-human-motion,Downloaded,Unrated,HINT: Hierarchical Interaction Modeling for Autoregressive Multi-Human Motion Generation,arXiv 2026,N/A,https://arxiv.org/abs/2601.20383,Human_Human_Interaction,paperPDFs/Human_Human_Interaction/arXiv_2026/2026_HINT_Hierarchical_Interaction_Modeling_for_Autoregressive_Multi_Human_Motion_Generation.pdf,arxiv:2601.20383,paper,2026-04-22T22:30:10+08:00
srcitem:3f8a8e5d59c4,foruck__awesome-human-motion,Downloaded,Unrated,InterMoE: Individual-Specific 3D Human Interaction Generation via Dynamic Temporal-Selective MoE,AAAI 2026,N/A,https://arxiv.org/abs/2511.13488,Human_Human_Interaction,paperPDFs/Human_Human_Interaction/AAAI_2026/2026_InterMoE_Individual_Specific_3D_Human_Interaction_Generation_via_Dynamic_Temporal_Selective_MoE.pdf,arxiv:2511.13488,paper,2026-04-22T22:30:10+08:00
srcitem:eb299b776d85,foruck__awesome-human-motion,Downloaded,Unrated,Multi-Person Interaction Generation from Two-Person Motion Priors,SIGGRAPH 2025,N/A,https://arxiv.org/abs/2505.17860,Human_Human_Interaction,paperPDFs/Human_Human_Interaction/SIGGRAPH_2025/2025_Multi_Person_Interaction_Generation_from_Two_Person_Motion_Priors.pdf,arxiv:2505.17860,paper,2026-04-22T22:30:10+08:00
srcitem:680389769460,foruck__awesome-human-motion,Downloaded,Unrated,DuetGen: Music Driven Two-Person Dance Generation via Hierarchical Masked Modeling,SIGGRAPH 2025,N/A,https://arxiv.org/abs/2506.18680,Human_Human_Interaction,paperPDFs/Human_Human_Interaction/SIGGRAPH_2025/2025_DuetGen_Music_Driven_Two_Person_Dance_Generation_via_Hierarchical_Masked_Modeling.pdf,arxiv:2506.18680,paper,2026-04-22T22:30:10+08:00
srcitem:33da3bbc8f66,foruck__awesome-human-motion,Downloaded,Unrated,Think Then React: Towards Unconstrained Action-to-Reaction Motion Generation,ICLR 2025,N/A,https://openreview.net/forum?id=UxzKcIZedp,Human_Human_Interaction,paperPDFs/Human_Human_Interaction/ICLR_2025/2025_Think_Then_React_Towards_Unconstrained_Action_to_Reaction_Motion_Generation.pdf,openreview:UxzKcIZedp,paper,2026-04-22T22:30:10+08:00
srcitem:582c15603a11,foruck__awesome-human-motion,Downloaded,Unrated,Interactive Humanoid: Online Full-Body Motion Reaction Synthesis with Social Affordance Canonicalization and Forecasting,3DV 2025,N/A,https://arxiv.org/abs/2312.08983,Human_Human_Interaction,paperPDFs/Human_Human_Interaction/3DV_2025/2025_Interactive_Humanoid_Online_Full_Body_Motion_Reaction_Synthesis_with_Social_Affordance_Canonicalization_and_Forecasting.pdf,arxiv:2312.08983,paper,2026-04-22T22:30:10+08:00
srcitem:a754d24d0b20,foruck__awesome-human-motion,Downloaded,Unrated,Interact2Ar: Full-Body Human-Human Interaction Generation via Autoregressive Diffusion Models,arXiv 2025,N/A,https://arxiv.org/abs/2512.19692,Human_Human_Interaction,paperPDFs/Human_Human_Interaction/arXiv_2025/2025_Interact2Ar_Full_Body_Human_Human_Interaction_Generation_via_Autoregressive_Diffusion_Models.pdf,arxiv:2512.19692,paper,2026-04-22T22:30:10+08:00
srcitem:858ca3bab37d,foruck__awesome-human-motion,Downloaded,Unrated,Text2Interact: High-Fidelity and Diverse Text-to-Two-Person Interaction Generation,arXiv 2025,N/A,https://arxiv.org/abs/2510.06504,Human_Human_Interaction,paperPDFs/Human_Human_Interaction/arXiv_2025/2025_Text2Interact_High_Fidelity_and_Diverse_Text_to_Two_Person_Interaction_Generation.pdf,arxiv:2510.06504,paper,2026-04-22T22:30:10+08:00
srcitem:269b97d96ac7,foruck__awesome-human-motion,Downloaded,Unrated,E-React: Towards Emotionally Controlled Synthesis of Human Reactions,arXiv 2025,N/A,https://arxiv.org/abs/2506.22554,Human_Human_Interaction,paperPDFs/Human_Human_Interaction/arXiv_2025/2025_E_React_Towards_Emotionally_Controlled_Synthesis_of_Human_Reactions.pdf,arxiv:2506.22554,paper,2026-04-22T22:30:10+08:00
srcitem:0c3ea1c55b5d,foruck__awesome-human-motion,Downloaded,Unrated,MAMMA: Markerless & Automatic Multi-Person Motion Action Capture,arXiv 2025,N/A,https://arxiv.org/abs/2506.13040,Human_Human_Interaction,paperPDFs/Human_Human_Interaction/arXiv_2025/2025_MAMMA_Markerless_and_Automatic_Multi_Person_Motion_Action_Capture.pdf,arxiv:2506.13040,paper,2026-04-22T22:30:10+08:00
srcitem:9f207ace3812,foruck__awesome-human-motion,Downloaded,Unrated,InterMamba: Efficient Human-Human Interaction Generation with Adaptive Spatio-Temporal Mamba,arXiv 2025,N/A,https://arxiv.org/abs/2506.03084,Human_Human_Interaction,paperPDFs/Human_Human_Interaction/arXiv_2025/2025_InterMamba_Efficient_Human_Human_Interaction_Generation_with_Adaptive_Spatio_Temporal_Mamba.pdf,arxiv:2506.03084,paper,2026-04-22T22:30:10+08:00
srcitem:0535e90a3254,foruck__awesome-human-motion,Downloaded,Unrated,MARRS: MaskedAutoregressive Unit-based Reaction Synthesis,arXiv 2025,N/A,https://arxiv.org/abs/2505.11334,Human_Human_Interaction,paperPDFs/Human_Human_Interaction/arXiv_2025/2025_MARRS_MaskedAutoregressive_Unit_based_Reaction_Synthesis.pdf,arxiv:2505.11334,paper,2026-04-22T22:30:10+08:00
srcitem:6915b76fad89,foruck__awesome-human-motion,Downloaded,Unrated,Invisible Strings: Revealing Latent Dancer-to-Dancer Interactions with Graph Neural Networks,arXiv 2025,N/A,https://arxiv.org/abs/2503.04816,Human_Human_Interaction,paperPDFs/Human_Human_Interaction/arXiv_2025/2025_Invisible_Strings_Revealing_Latent_Dancer_to_Dancer_Interactions_with_Graph_Neural_Networks.pdf,arxiv:2503.04816,paper,2026-04-22T22:30:10+08:00
srcitem:9956f38fda45,foruck__awesome-human-motion,Downloaded,Unrated,Leader and Follower: Interactive Motion Generation under Trajectory Constraints,arXiv 2025,N/A,https://arxiv.org/abs/2502.11563,Human_Human_Interaction,paperPDFs/Human_Human_Interaction/arXiv_2025/2025_Leader_and_Follower_Interactive_Motion_Generation_under_Trajectory_Constraints.pdf,arxiv:2502.11563,paper,2026-04-22T22:30:10+08:00
srcitem:d353edd789aa,foruck__awesome-human-motion,Downloaded,Unrated,Two in One: Unified Multi-Person Interactive Motion Generation by Latent Diffusion Transformer,arXiv 2024,N/A,https://arxiv.org/abs/2412.16670,Human_Human_Interaction,paperPDFs/Human_Human_Interaction/arXiv_2024/2024_Two_in_One_Unified_Multi_Person_Interactive_Motion_Generation_by_Latent_Diffusion_Transformer.pdf,arxiv:2412.16670,paper,2026-04-22T22:30:10+08:00
srcitem:e0d0481b6321,foruck__awesome-human-motion,Downloaded,Unrated,It Takes Two: Real-time Co-Speech Two-person’s Interaction Generation via Reactive Auto-regressive Diffusion Model,arXiv 2024,N/A,https://arxiv.org/abs/2412.02419,Human_Human_Interaction,paperPDFs/Human_Human_Interaction/arXiv_2024/2024_It_Takes_Two_Real_time_Co_Speech_Two_person’s_Interaction_Generation_via_Reactive_Auto_regressive_Diffusion_Model.pdf,arxiv:2412.02419,paper,2026-04-22T22:30:10+08:00
srcitem:2e536545601a,foruck__awesome-human-motion,Downloaded,Unrated,H2IAD: 3D Human-Human Interaction Anomaly Detection,arXiv 2025,N/A,https://arxiv.org/abs/2512.13560,Datasets_and_Benchmarks,paperPDFs/Datasets_and_Benchmarks/arXiv_2025/2025_H2IAD_3D_Human_Human_Interaction_Anomaly_Detection.pdf,arxiv:2512.13560,paper,2026-04-22T22:30:10+08:00
srcitem:d11c59329af0,foruck__awesome-human-motion,Downloaded,Unrated,Morphology-Consistent Humanoid Interaction: through Robot-Centric Video Synthesis,arXiv 2026,N/A,https://arxiv.org/abs/2603.19709,Humanoid_Simulated_or_Real,paperPDFs/Humanoid_Simulated_or_Real/arXiv_2026/2026_Morphology_Consistent_Humanoid_Interaction_through_Robot_Centric_Video_Synthesis.pdf,arxiv:2603.19709,paper,2026-04-22T22:30:10+08:00
srcitem:a3ce15564d7c,foruck__awesome-human-motion,Downloaded,Unrated,IO-WBC: Interaction-Aware Whole-Body Control for Compliant Object Transport,arXiv 2026,N/A,https://arxiv.org/abs/2603.03751,Humanoid_Simulated_or_Real,paperPDFs/Humanoid_Simulated_or_Real/arXiv_2026/2026_IO_WBC_Interaction_Aware_Whole_Body_Control_for_Compliant_Object_Transport.pdf,arxiv:2603.03751,paper,2026-04-22T22:30:10+08:00
srcitem:add435a245b8,foruck__awesome-human-motion,Downloaded,Unrated,Pro-HOI: Perceptive Root-guided Humanoid-Object Interaction,arXiv 2026,N/A,https://arxiv.org/abs/2603.01126,Humanoid_Simulated_or_Real,paperPDFs/Humanoid_Simulated_or_Real/arXiv_2026/2026_Pro_HOI_Perceptive_Root_guided_Humanoid_Object_Interaction.pdf,arxiv:2603.01126,paper,2026-04-22T22:30:10+08:00
srcitem:8117f24f55ec,foruck__awesome-human-motion,Downloaded,Unrated,LessMimic: Long-Horizon Humanoid Interaction with Unified Distance Field Representations,arXiv 2026,N/A,https://arxiv.org/abs/2602.21723,Humanoid_Simulated_or_Real,paperPDFs/Humanoid_Simulated_or_Real/arXiv_2026/2026_LessMimic_Long_Horizon_Humanoid_Interaction_with_Unified_Distance_Field_Representations.pdf,arxiv:2602.21723,paper,2026-04-22T22:30:10+08:00
srcitem:1bef56777379,foruck__awesome-human-motion,Downloaded,Unrated,HumanX: Toward Agile and Generalizable Humanoid Interaction Skills from Human Videos,arXiv 2026,N/A,https://arxiv.org/abs/2602.02473,Humanoid_Simulated_or_Real,paperPDFs/Humanoid_Simulated_or_Real/arXiv_2026/2026_HumanX_Toward_Agile_and_Generalizable_Humanoid_Interaction_Skills_from_Human_Videos.pdf,arxiv:2602.02473,paper,2026-04-22T22:30:10+08:00
srcitem:c8217f8b10a8,foruck__awesome-human-motion,Downloaded,Unrated,Learning Whole-Body Human-Humanoid Interaction from Human-Human Demonstrations,arXiv 2026,N/A,https://arxiv.org/abs/2601.09518,Humanoid_Simulated_or_Real,paperPDFs/Humanoid_Simulated_or_Real/arXiv_2026/2026_Learning_Whole_Body_Human_Humanoid_Interaction_from_Human_Human_Demonstrations.pdf,arxiv:2601.09518,paper,2026-04-22T22:30:10+08:00
srcitem:830fdfc6cb0a,foruck__awesome-human-motion,Downloaded,Unrated,WaveMan: mmWave-Based Room-Scale Human Interaction Perception for Humanoid Robots,arXiv 2026,N/A,https://arxiv.org/abs/2601.07454,Humanoid_Simulated_or_Real,paperPDFs/Humanoid_Simulated_or_Real/arXiv_2026/2026_WaveMan_mmWave_Based_Room_Scale_Human_Interaction_Perception_for_Humanoid_Robots.pdf,arxiv:2601.07454,paper,2026-04-22T22:30:10+08:00
srcitem:01cafd1903fc,foruck__awesome-human-motion,Downloaded,Unrated,"Toward Seamless Physical Human-Humanoid Interaction: Insights from Control, Intent, and Modeling with a Vision for What Comes Next",arXiv 2025,N/A,https://arxiv.org/abs/2512.07765,Humanoid_Simulated_or_Real,paperPDFs/Humanoid_Simulated_or_Real/arXiv_2025/2025_Toward_Seamless_Physical_Human_Humanoid_Interaction_Insights_from_Control_Intent_and_Modeling_with_a_Vision_for_What_Comes_Next.pdf,arxiv:2512.07765,paper,2026-04-22T22:30:10+08:00
srcitem:0ab0a5bc6ae0,foruck__awesome-human-motion,Downloaded,Unrated,HAFO: Humanoid Force-Adaptive Control for Intense External Force Interaction Environments,arXiv 2025,N/A,https://arxiv.org/abs/2511.20275,Humanoid_Simulated_or_Real,paperPDFs/Humanoid_Simulated_or_Real/arXiv_2025/2025_HAFO_Humanoid_Force_Adaptive_Control_for_Intense_External_Force_Interaction_Environments.pdf,arxiv:2511.20275,paper,2026-04-22T22:30:10+08:00
srcitem:ae9e93526908,foruck__awesome-human-motion,Downloaded,Unrated,GentleHumanoid: Learning Upper-body Compliance for Contact-rich Human and Object Interaction,arXiv 2025,N/A,https://arxiv.org/abs/2511.04679,Humanoid_Simulated_or_Real,paperPDFs/Humanoid_Simulated_or_Real/arXiv_2025/2025_GentleHumanoid_Learning_Upper_body_Compliance_for_Contact_rich_Human_and_Object_Interaction.pdf,arxiv:2511.04679,paper,2026-04-22T22:30:10+08:00
srcitem:b3c1128e10f0,foruck__awesome-human-motion,Downloaded,Unrated,DreamControl: Human-Inspired Whole-Body Humanoid Control for Scene Interaction via Guided Diffusion,arXiv 2025,N/A,https://arxiv.org/abs/2509.14353,Humanoid_Simulated_or_Real,paperPDFs/Humanoid_Simulated_or_Real/arXiv_2025/2025_DreamControl_Human_Inspired_Whole_Body_Humanoid_Control_for_Scene_Interaction_via_Guided_Diffusion.pdf,arxiv:2509.14353,paper,2026-04-22T22:30:10+08:00
srcitem:bed449f11d62,foruck__awesome-human-motion,Downloaded,Unrated,SimGenHOI: Physically Realistic Whole-Body Humanoid-Object Interaction via Generative Modeling and Reinforcement Learning,arXiv 2025,N/A,https://arxiv.org/abs/2508.14120,Humanoid_Simulated_or_Real,paperPDFs/Humanoid_Simulated_or_Real/arXiv_2025/2025_SimGenHOI_Physically_Realistic_Whole_Body_Humanoid_Object_Interaction_via_Generative_Modeling_and_Reinforcement_Learning.pdf,arxiv:2508.14120,paper,2026-04-22T22:30:10+08:00
srcitem:4122d7cb8808,foruck__awesome-human-motion,Downloaded,Unrated,Ankle Exoskeletons in Walking and Load-Carrying Tasks: Insights into Biomechanics and Human-Robot Interaction,arXiv 2025,N/A,https://arxiv.org/abs/2504.10294,Bio_stuff_Human_Anatomy_Biomechanics_Physiology,paperPDFs/Bio_stuff_Human_Anatomy_Biomechanics_Physiology/arXiv_2025/2025_Ankle_Exoskeletons_in_Walking_and_Load_Carrying_Tasks_Insights_into_Biomechanics_and_Human_Robot_Interaction.pdf,arxiv:2504.10294,paper,2026-04-22T22:30:10+08:00
srcitem:225bf8d99015,foruck__awesome-human-motion,Downloaded,Unrated,MonoMSK: Monocular 3D Musculoskeletal Dynamics Estimation,arXiv 2025,N/A,https://arxiv.org/abs/2511.19326,Human_Reconstruction_Motion_Interaction_Avatar,paperPDFs/Human_Reconstruction_Motion_Interaction_Avatar/arXiv_2025/2025_MonoMSK_Monocular_3D_Musculoskeletal_Dynamics_Estimation.pdf,arxiv:2511.19326,paper,2026-04-22T22:30:10+08:00
srcitem:cd15f3a75f83,foruck__awesome-human-motion,Downloaded,Unrated,ADHMR: Aligning Diffusion-based Human Mesh Recovery via Direct Preference Optimization,ICML 2025,N/A,https://arxiv.org/abs/2505.10250,Human_Reconstruction_Motion_Interaction_Avatar,paperPDFs/Human_Reconstruction_Motion_Interaction_Avatar/ICML_2025/2025_ADHMR_Aligning_Diffusion_based_Human_Mesh_Recovery_via_Direct_Preference_Optimization.pdf,arxiv:2505.10250,paper,2026-04-22T22:30:10+08:00
srcitem:771d49482de6,foruck__awesome-human-motion,Downloaded,Unrated,Motions as Queries: One-Stage Multi-Person Holistic Human Motion Capture,CVPR 2025,N/A,https://openaccess.thecvf.com/content/CVPR2025/papers/Liu_Motions_as_Queries_One-Stage_Multi-Person_Holistic_Human_Motion_Capture_CVPR_2025_paper.pdf,Human_Reconstruction_Motion_Interaction_Avatar,paperPDFs/Human_Reconstruction_Motion_Interaction_Avatar/CVPR_2025/2025_Motions_as_Queries_One_Stage_Multi_Person_Holistic_Human_Motion_Capture.pdf,hash:4ea01421,paper,2026-04-22T22:30:10+08:00
srcitem:80530b8ce92a,foruck__awesome-human-motion,Downloaded,Unrated,GBC-Splat: Generalizable Gaussian-Based Clothed Human Digitalization under Sparse RGB Cameras,CVPR 2025,N/A,https://openaccess.thecvf.com/content/CVPR2025/papers/Tu_GBC-Splat_Generalizable_Gaussian-Based_Clothed_Human_Digitalization_under_Sparse_RGB_Cameras_CVPR_2025_paper.pdf,Human_Reconstruction_Motion_Interaction_Avatar,paperPDFs/Human_Reconstruction_Motion_Interaction_Avatar/CVPR_2025/2025_GBC_Splat_Generalizable_Gaussian_Based_Clothed_Human_Digitalization_under_Sparse_RGB_Cameras.pdf,hash:47e845f4,paper,2026-04-22T22:30:10+08:00
srcitem:e7ea5bbab5cf,foruck__awesome-human-motion,Downloaded,Unrated,Leveraging Anthropometric Measurements to Improve Human Mesh Estimation and Ensure Consistent Body Shapes,CVPR 2025 workshop,N/A,https://arxiv.org/abs/2409.17671,Human_Reconstruction_Motion_Interaction_Avatar,paperPDFs/Human_Reconstruction_Motion_Interaction_Avatar/CVPR_2025_workshop/2025_Leveraging_Anthropometric_Measurements_to_Improve_Human_Mesh_Estimation_and_Ensure_Consistent_Body_Shapes.pdf,arxiv:2409.17671,paper,2026-04-22T22:30:10+08:00
srcitem:7bcd57966782,foruck__awesome-human-motion,Downloaded,Unrated,Efficient 2D to Full 3D Human Pose Uplifting including Joint Rotations,CVPR 2025 workshop,N/A,https://arxiv.org/abs/2504.09953,Human_Reconstruction_Motion_Interaction_Avatar,paperPDFs/Human_Reconstruction_Motion_Interaction_Avatar/CVPR_2025_workshop/2025_Efficient_2D_to_Full_3D_Human_Pose_Uplifting_including_Joint_Rotations.pdf,arxiv:2504.09953,paper,2026-04-22T22:30:10+08:00
srcitem:4bd88fcd972e,foruck__awesome-human-motion,Downloaded,Unrated,BaroPoser: Real-time Human Motion Tracking from IMUs and Barometers in Everyday Devices,arXiv 2025,N/A,https://arxiv.org/abs/2508.03313,Human_Reconstruction_Motion_Interaction_Avatar,paperPDFs/Human_Reconstruction_Motion_Interaction_Avatar/arXiv_2025/2025_BaroPoser_Real_time_Human_Motion_Tracking_from_IMUs_and_Barometers_in_Everyday_Devices.pdf,arxiv:2508.03313,paper,2026-04-22T22:30:10+08:00
srcitem:d51052a7ef9f,foruck__awesome-human-motion,Downloaded,Unrated,Multi-HMR: Multi-Person Whole-Body Human Mesh Recovery in a Single Shot,ECCV 2024,N/A,https://arxiv.org/abs/2402.14654,Human_Reconstruction_Motion_Interaction_Avatar,paperPDFs/Human_Reconstruction_Motion_Interaction_Avatar/ECCV_2024/2024_Multi_HMR_Multi_Person_Whole_Body_Human_Mesh_Recovery_in_a_Single_Shot.pdf,arxiv:2402.14654,paper,2026-04-22T22:30:10+08:00
srcitem:9afefdd10689,foruck__awesome-human-motion,Downloaded,Unrated,RoboSMPLX: Towards Robust and Expressive Whole-body Human Pose and Shape Estimation,NeurIPS 2023,N/A,https://arxiv.org/abs/2312.08730,Human_Reconstruction_Motion_Interaction_Avatar,paperPDFs/Human_Reconstruction_Motion_Interaction_Avatar/NeurIPS_2023/2023_RoboSMPLX_Towards_Robust_and_Expressive_Whole_body_Human_Pose_and_Shape_Estimation.pdf,arxiv:2312.08730,paper,2026-04-22T22:30:10+08:00
srcitem:8488e8af5150,foruck__awesome-human-motion,Downloaded,Unrated,Zolly: Zoom Focal Length Correctly for Perspective-Distorted Human Mesh Reconstruction,ICCV 2023,N/A,https://arxiv.org/abs/2303.13796,Human_Reconstruction_Motion_Interaction_Avatar,paperPDFs/Human_Reconstruction_Motion_Interaction_Avatar/ICCV_2023/2023_Zolly_Zoom_Focal_Length_Correctly_for_Perspective_Distorted_Human_Mesh_Reconstruction.pdf,arxiv:2303.13796,paper,2026-04-22T22:30:10+08:00
srcitem:41d50eb31a06,foruck__awesome-human-motion,Downloaded,Unrated,Benchmarking and Analyzing 3D Human Pose and Shape Estimation Beyond Algorithms,NeurIPS 2022,N/A,https://arxiv.org/abs/2209.10529,Human_Reconstruction_Motion_Interaction_Avatar,paperPDFs/Human_Reconstruction_Motion_Interaction_Avatar/NeurIPS_2022/2022_Benchmarking_and_Analyzing_3D_Human_Pose_and_Shape_Estimation_Beyond_Algorithms.pdf,arxiv:2209.10529,paper,2026-04-22T22:30:10+08:00
srcitem:c055e60775db,foruck__awesome-human-motion,Downloaded,Unrated,NeuralAnnot: Neural Annotator for 3D Human Mesh Training Sets,CVPR 2022 Workshop,N/A,https://arxiv.org/abs/2011.11232,Human_Reconstruction_Motion_Interaction_Avatar,paperPDFs/Human_Reconstruction_Motion_Interaction_Avatar/CVPR_2022_Workshop/2022_NeuralAnnot_Neural_Annotator_for_3D_Human_Mesh_Training_Sets.pdf,arxiv:2011.11232,paper,2026-04-22T22:30:10+08:00
srcitem:9f5cde1b4a00,foruck__awesome-human-motion,Downloaded,Unrated,"ROMP: Monocular, One-stage, Regression of Multiple 3D People",ICCV 2021,N/A,https://arxiv.org/abs/2008.12272,Human_Reconstruction_Motion_Interaction_Avatar,paperPDFs/Human_Reconstruction_Motion_Interaction_Avatar/ICCV_2021/2021_ROMP_Monocular_One_stage_Regression_of_Multiple_3D_People.pdf,arxiv:2008.12272,paper,2026-04-22T22:30:10+08:00
srcitem:691a5476b8b0,foruck__awesome-human-motion,Downloaded,Unrated,Reconstructing Close Human Interaction with Appearance and Proxemics Reasoning,CVPR 2025,N/A,https://www.buzhenhuang.com/publications/papers/CVPR2025-CloseApp.pdf,Human_Object_Scene_Human_Interaction_Reconstruction,paperPDFs/Human_Object_Scene_Human_Interaction_Reconstruction/CVPR_2025/2025_Reconstructing_Close_Human_Interaction_with_Appearance_and_Proxemics_Reasoning.pdf,hash:65b2fcf3,paper,2026-04-22T22:30:10+08:00
srcitem:dd5f4f21ff9b,foruck__awesome-human-motion,Downloaded,Unrated,AvatarPose: Avatar-guided 3D Pose Estimation of Close Human Interaction from Sparse Multi-view Videos,ECCV 2024,N/A,https://arxiv.org/abs/2408.02110,Human_Object_Scene_Human_Interaction_Reconstruction,paperPDFs/Human_Object_Scene_Human_Interaction_Reconstruction/ECCV_2024/2024_AvatarPose_Avatar_guided_3D_Pose_Estimation_of_Close_Human_Interaction_from_Sparse_Multi_view_Videos.pdf,arxiv:2408.02110,paper,2026-04-22T22:30:10+08:00
srcitem:04cc58b64055,foruck__awesome-human-motion,Downloaded,Unrated,Fang et al.: Capturing Closely Interacted Two-Person Motions with Reaction Priors,CVPR 2024,N/A,https://openaccess.thecvf.com/content/CVPR2024/papers/Fang_Capturing_Closely_Interacted_Two-Person_Motions_with_Reaction_Priors_CVPR_2024_paper.pdf,Human_Object_Scene_Human_Interaction_Reconstruction,paperPDFs/Human_Object_Scene_Human_Interaction_Reconstruction/CVPR_2024/2024_Fang_et_al._Capturing_Closely_Interacted_Two_Person_Motions_with_Reaction_Priors.pdf,hash:a977b5ef,paper,2026-04-22T22:30:10+08:00
srcitem:ea6e6dd6fe05,foruck__awesome-human-motion,Downloaded,Unrated,Shuai et al.: Reconstructing Close Human Interactions from Multiple Views,SIGGRAPH Asia 2024,N/A,https://arxiv.org/abs/2401.16173,Human_Object_Scene_Human_Interaction_Reconstruction,paperPDFs/Human_Object_Scene_Human_Interaction_Reconstruction/SIGGRAPH_Asia_2024/2024_Shuai_et_al._Reconstructing_Close_Human_Interactions_from_Multiple_Views.pdf,arxiv:2401.16173,paper,2026-04-22T22:30:10+08:00
