bucket,venue,file,pages,status,text_chars,pre_invalid_chars,cutoff_found,cutoff_heading,path
CVPR,CVPR_2024,3DiffTection_3D_Object_Detection_with_Geometry_Aware_Diffusion_Features.pdf,17,ok,59111,38276,True,ACKNOWLEDGMENTS,obsidian-vault/paperPDFs/CVPR_2024/3DiffTection_3D_Object_Detection_with_Geometry_Aware_Diffusion_Features.pdf
CVPR,CVPR_2024,ReGenNet_Towards_Human_Action_Reaction_Synthesis.pdf,11,ok,54806,38393,True,References,obsidian-vault/paperPDFs/CVPR_2024/ReGenNet_Towards_Human_Action_Reaction_Synthesis.pdf
CVPR,CVPR_2025,Dynamic_Motion_Blending_for_Versatile_Motion_Editing.pdf,11,ok,50638,36579,True,References,obsidian-vault/paperPDFs/CVPR_2025/Dynamic_Motion_Blending_for_Versatile_Motion_Editing.pdf
CVPR,CVPR_2025,MobileH2R_Learning_Generalizable_Human_to_Mobile_Robot_Handover_Exclusively_from_Scalable_and_Diverse_Synthetic_Data.pdf,18,ok,81629,41759,True,References,obsidian-vault/paperPDFs/CVPR_2025/MobileH2R_Learning_Generalizable_Human_to_Mobile_Robot_Handover_Exclusively_from_Scalable_and_Diverse_Synthetic_Data.pdf
CVPR,CVPR_2025,PersonaHOI_Effortlessly_Improving_Personalized_Face_with_Human_Object_Interaction_Generation.pdf,17,ok,66717,32817,True,References,obsidian-vault/paperPDFs/CVPR_2025/PersonaHOI_Effortlessly_Improving_Personalized_Face_with_Human_Object_Interaction_Generation.pdf
CVPR,CVPR_2026,Adapting_a_Pre_trained_Single_Cell_Foundation_Model_to_Spatial_Gene_Expression_Generation_from_Histology_Images.pdf,21,ok,76819,41151,True,Acknowledgements,obsidian-vault/paperPDFs/CVPR_2026/Adapting_a_Pre_trained_Single_Cell_Foundation_Model_to_Spatial_Gene_Expression_Generation_from_Histology_Images.pdf
CVPR,CVPR_2026,Beyond_Multiple_Choice_Verifiable_OpenQA_for_Robust_Vision_Language_RFT.pdf,27,ok,78864,35185,True,References,obsidian-vault/paperPDFs/CVPR_2026/Beyond_Multiple_Choice_Verifiable_OpenQA_for_Robust_Vision_Language_RFT.pdf
CVPR,CVPR_2026,CI_VID_A_Coherent_Interleaved_Text_Video_Dataset.pdf,12,ok,49828,38204,True,References,obsidian-vault/paperPDFs/CVPR_2026/CI_VID_A_Coherent_Interleaved_Text_Video_Dataset.pdf
CVPR,CVPR_2026,CLiViS_Unleashing_Cognitive_Map_through_Linguistic_Visual_Synergy_for_Embodied_Visual_Reasoning.pdf,15,ok,56081,36403,True,Acknowledgements,obsidian-vault/paperPDFs/CVPR_2026/CLiViS_Unleashing_Cognitive_Map_through_Linguistic_Visual_Synergy_for_Embodied_Visual_Reasoning.pdf
CVPR,CVPR_2026,Circuit_Mechanisms_for_Spatial_Relation_Generation_in_Diffusion_Transformers.pdf,45,ok,101697,35332,True,Acknowledgments,obsidian-vault/paperPDFs/CVPR_2026/Circuit_Mechanisms_for_Spatial_Relation_Generation_in_Diffusion_Transformers.pdf
CVPR,CVPR_2026,CogniVerse_Revolutionizing_Multi_Modal_Retrieval_Augmented_Generation_with_Cognitive_Reflection_and_Geometric_Reasoning.pdf,13,ok,60727,35930,True,References,obsidian-vault/paperPDFs/CVPR_2026/CogniVerse_Revolutionizing_Multi_Modal_Retrieval_Augmented_Generation_with_Cognitive_Reflection_and_Geometric_Reasoning.pdf
CVPR,CVPR_2026,Compositional_Text_to_Image_Generation_Via_Region_aware_Bimodal_Direct_Preference_Optimization.pdf,11,ok,53914,35918,True,References,obsidian-vault/paperPDFs/CVPR_2026/Compositional_Text_to_Image_Generation_Via_Region_aware_Bimodal_Direct_Preference_Optimization.pdf
CVPR,CVPR_2026,Content_Aware_Dynamic_Patchification_for_Efficient_Video_Diffusion.pdf,10,ok,45150,37098,True,References,obsidian-vault/paperPDFs/CVPR_2026/Content_Aware_Dynamic_Patchification_for_Efficient_Video_Diffusion.pdf
CVPR,CVPR_2026,Cross_View_Splatter_Feed_Forward_View_Synthesis_with_Georeferenced_Images.pdf,22,ok,72286,33604,True,6. Acknowledgments,obsidian-vault/paperPDFs/CVPR_2026/Cross_View_Splatter_Feed_Forward_View_Synthesis_with_Georeferenced_Images.pdf
CVPR,CVPR_2026,DK_DDIL_Adaptive_Knowledge_Retention_for_Dynamic_Domain_Incremental_Learning_in_Medical_Imaging.pdf,10,ok,48709,38878,True,Acknowledgments,obsidian-vault/paperPDFs/CVPR_2026/DK_DDIL_Adaptive_Knowledge_Retention_for_Dynamic_Domain_Incremental_Learning_in_Medical_Imaging.pdf
CVPR,CVPR_2026,DrivePTS_A_Progressive_Learning_Framework_with_Textual_and_Structural_Enhancement_for_Driving_Scene_Generation.pdf,18,ok,68343,37955,True,References,obsidian-vault/paperPDFs/CVPR_2026/DrivePTS_A_Progressive_Learning_Framework_with_Textual_and_Structural_Enhancement_for_Driving_Scene_Generation.pdf
CVPR,CVPR_2026,EmoDiffTalk_Emotion_aware_Diffusion_for_Editable_3D_Gaussian_Talking_Head.pdf,11,ok,48860,31527,True,References,obsidian-vault/paperPDFs/CVPR_2026/EmoDiffTalk_Emotion_aware_Diffusion_for_Editable_3D_Gaussian_Talking_Head.pdf
CVPR,CVPR_2026,Event_Illumination_Collaborative_Low_light_Image_Enhancement_with_a_High_resolution_Real_world_Dataset.pdf,12,ok,52724,33681,True,7. Acknowledgement,obsidian-vault/paperPDFs/CVPR_2026/Event_Illumination_Collaborative_Low_light_Image_Enhancement_with_a_High_resolution_Real_world_Dataset.pdf
CVPR,CVPR_2026,FG_Portrait_3D_Flow_Guided_Editable_Portrait_Animation.pdf,12,ok,46087,32300,True,Supplementary Material,obsidian-vault/paperPDFs/CVPR_2026/FG_Portrait_3D_Flow_Guided_Editable_Portrait_Animation.pdf
CVPR,CVPR_2026,Face2Scene_Using_Facial_Degradation_as_an_Oracle_for_Diffusion_Based_Scene_Restoration.pdf,11,ok,50294,37371,True,References,obsidian-vault/paperPDFs/CVPR_2026/Face2Scene_Using_Facial_Degradation_as_an_Oracle_for_Diffusion_Based_Scene_Restoration.pdf
CVPR,CVPR_2026,FlashVSR_Towards_Real_time_Diffusion_Based_Streaming_Video_Super_Resolution.pdf,22,ok,64612,64612,False,,obsidian-vault/paperPDFs/CVPR_2026/FlashVSR_Towards_Real_time_Diffusion_Based_Streaming_Video_Super_Resolution.pdf
CVPR,CVPR_2026,From_None_to_All_Self_Supervised_3D_Reconstruction_via_Novel_View_Synthesis.pdf,16,ok,65052,37985,True,References,obsidian-vault/paperPDFs/CVPR_2026/From_None_to_All_Self_Supervised_3D_Reconstruction_via_Novel_View_Synthesis.pdf
CVPR,CVPR_2026,GP_4DGS_Probabilistic_4D_Gaussian_Splatting_from_Monocular_Video_via_Variational_Gaussian_Processes.pdf,14,ok,58496,34442,True,References,obsidian-vault/paperPDFs/CVPR_2026/GP_4DGS_Probabilistic_4D_Gaussian_Splatting_from_Monocular_Video_via_Variational_Gaussian_Processes.pdf
CVPR,CVPR_2026,GenColorBench_A_Color_Evaluation_Benchmark_for_Text_to_Image_Generation.pdf,11,ok,55092,40184,True,Acknowledgments,obsidian-vault/paperPDFs/CVPR_2026/GenColorBench_A_Color_Evaluation_Benchmark_for_Text_to_Image_Generation.pdf
CVPR,CVPR_2026,GeoMotion_Rethinking_Motion_Segmentation_via_Latent_4D_Geometry.pdf,14,ok,51040,39721,True,References,obsidian-vault/paperPDFs/CVPR_2026/GeoMotion_Rethinking_Motion_Segmentation_via_Latent_4D_Geometry.pdf
CVPR,CVPR_2026,GeoTikzBridge_Advancing_Multimodal_Code_Generation_for_Geometric_Perception_and_Reasoning.pdf,25,ok,91896,35051,True,References,obsidian-vault/paperPDFs/CVPR_2026/GeoTikzBridge_Advancing_Multimodal_Code_Generation_for_Geometric_Perception_and_Reasoning.pdf
CVPR,CVPR_2026,Goal_Driven_Reward_by_Video_Diffusion_Models_for_Reinforcement_Learning.pdf,12,ok,43958,30759,True,References,obsidian-vault/paperPDFs/CVPR_2026/Goal_Driven_Reward_by_Video_Diffusion_Models_for_Reinforcement_Learning.pdf
CVPR,CVPR_2026,Guiding_Diffusion_based_Reconstruction_with_Contrastive_Signals_for_Balanced_Visual_Representation.pdf,23,ok,90748,36974,True,Acknowledgments,obsidian-vault/paperPDFs/CVPR_2026/Guiding_Diffusion_based_Reconstruction_with_Contrastive_Signals_for_Balanced_Visual_Representation.pdf
CVPR,CVPR_2026,Improving_Vision_language_Models_with_Perception_centric_Process_Reward_Models.pdf,11,ok,52751,38776,True,References,obsidian-vault/paperPDFs/CVPR_2026/Improving_Vision_language_Models_with_Perception_centric_Process_Reward_Models.pdf
CVPR,CVPR_2026,Joint_Aligned_Latent_Action_Towards_Scalable_VLA_Pretraining_in_the_Wild.pdf,25,ok,81469,64913,True,References,obsidian-vault/paperPDFs/CVPR_2026/Joint_Aligned_Latent_Action_Towards_Scalable_VLA_Pretraining_in_the_Wild.pdf
CVPR,CVPR_2026,Just_in_Time_Training_Free_Spatial_Acceleration_for_Diffusion_Transformers.pdf,19,ok,59497,30011,True,References,obsidian-vault/paperPDFs/CVPR_2026/Just_in_Time_Training_Free_Spatial_Acceleration_for_Diffusion_Transformers.pdf
CVPR,CVPR_2026,Learnability_Guided_Diffusion_for_Dataset_Distillation.pdf,10,ok,44346,35494,True,References,obsidian-vault/paperPDFs/CVPR_2026/Learnability_Guided_Diffusion_for_Dataset_Distillation.pdf
CVPR,CVPR_2026,Learning_to_Reason_in_4D_Dynamic_Spatial_Understanding_for_Vision_Language_Models.pdf,18,ok,75542,36386,True,References,obsidian-vault/paperPDFs/CVPR_2026/Learning_to_Reason_in_4D_Dynamic_Spatial_Understanding_for_Vision_Language_Models.pdf
CVPR,CVPR_2026,MatMart_Material_Reconstruction_of_3D_Objects_via_Diffusion.pdf,10,ok,41819,30257,True,References,obsidian-vault/paperPDFs/CVPR_2026/MatMart_Material_Reconstruction_of_3D_Objects_via_Diffusion.pdf
CVPR,CVPR_2026,MedFG_VQA_Low_Frequency_Memory_and_Graph_Attention_for_Lightweight_Medical_VQA.pdf,10,ok,51210,39869,True,References,obsidian-vault/paperPDFs/CVPR_2026/MedFG_VQA_Low_Frequency_Memory_and_Graph_Attention_for_Lightweight_Medical_VQA.pdf
CVPR,CVPR_2026,Memory_Augmented_Scene_Understanding_and_Exploration_for_Open_World_Aerial_Object_Goal_Navigation.pdf,11,ok,47192,35610,True,6. Acknowledgments,obsidian-vault/paperPDFs/CVPR_2026/Memory_Augmented_Scene_Understanding_and_Exploration_for_Open_World_Aerial_Object_Goal_Navigation.pdf
CVPR,CVPR_2026,Omni_Attack_Adversarial_Attacks_on_Open_Ended_VQA_in_Black_Box_Multimodal_LLMs.pdf,11,ok,51707,34997,True,References,obsidian-vault/paperPDFs/CVPR_2026/Omni_Attack_Adversarial_Attacks_on_Open_Ended_VQA_in_Black_Box_Multimodal_LLMs.pdf
CVPR,CVPR_2026,Optical_Flow_Matching_Reframing_Optical_Flow_as_Continuous_Transport_Dynamics.pdf,10,ok,46641,36391,True,References,obsidian-vault/paperPDFs/CVPR_2026/Optical_Flow_Matching_Reframing_Optical_Flow_as_Continuous_Transport_Dynamics.pdf
CVPR,CVPR_2026,PROMPTMINER_Black_Box_Prompt_Stealing_against_Text_to_Image_Generative_Models_via_Reinforcement_Learning_and_VLM_Guided_Optimization.pdf,10,ok,50909,41016,True,Acknowledgment,obsidian-vault/paperPDFs/CVPR_2026/PROMPTMINER_Black_Box_Prompt_Stealing_against_Text_to_Image_Generative_Models_via_Reinforcement_Learning_and_VLM_Guided_Optimization.pdf
CVPR,CVPR_2026,Parse_Search_and_Confirmation_Training_Free_Aerial_Vision_and_Dialog_Navigation_with_Chain_of_Thought_Reasoning_and_Structured_Spatial_Memory.pdf,10,ok,46788,36799,True,6. Acknowledgments,obsidian-vault/paperPDFs/CVPR_2026/Parse_Search_and_Confirmation_Training_Free_Aerial_Vision_and_Dialog_Navigation_with_Chain_of_Thought_Reasoning_and_Structured_Spatial_Memory.pdf
CVPR,CVPR_2026,Physically_Inspired_Gaussian_Splatting_for_HDR_Novel_View_Synthesis.pdf,16,ok,65703,35574,True,Supplementary Material,obsidian-vault/paperPDFs/CVPR_2026/Physically_Inspired_Gaussian_Splatting_for_HDR_Novel_View_Synthesis.pdf
CVPR,CVPR_2026,Premier_Personalized_Preference_Modulation_with_Learnable_User_Embedding_in_Text_to_Image_Generation.pdf,16,ok,55313,33631,True,Supplementary Material,obsidian-vault/paperPDFs/CVPR_2026/Premier_Personalized_Preference_Modulation_with_Learnable_User_Embedding_in_Text_to_Image_Generation.pdf
CVPR,CVPR_2026,QuadSync_Quadrifocal_Tensor_Synchronization_via_Tucker_Decomposition.pdf,30,ok,79890,38129,True,Acknowledgement,obsidian-vault/paperPDFs/CVPR_2026/QuadSync_Quadrifocal_Tensor_Synchronization_via_Tucker_Decomposition.pdf
CVPR,CVPR_2026,REArtGS_Generalizable_Articulation_Reconstruction_with_Temporal_Geometry_Constraint_via_Planar_Gaussian_Splatting.pdf,10,ok,40803,36442,True,References,obsidian-vault/paperPDFs/CVPR_2026/REArtGS_Generalizable_Articulation_Reconstruction_with_Temporal_Geometry_Constraint_via_Planar_Gaussian_Splatting.pdf
CVPR,CVPR_2026,ReFlow_Self_correction_Motion_Learning_for_Dynamic_Scene_Reconstruction.pdf,19,ok,77676,35670,True,Acknowledgements,obsidian-vault/paperPDFs/CVPR_2026/ReFlow_Self_correction_Motion_Learning_for_Dynamic_Scene_Reconstruction.pdf
CVPR,CVPR_2026,ResCa_Residual_Caching_for_Diffusion_Transformers_Acceleration.pdf,10,ok,45770,34596,True,References,obsidian-vault/paperPDFs/CVPR_2026/ResCa_Residual_Caching_for_Diffusion_Transformers_Acceleration.pdf
CVPR,CVPR_2026,Rethinking_Prompt_Design_for_Inference_time_Scaling_in_Text_to_Visual_Generation.pdf,25,ok,81156,43548,True,References,obsidian-vault/paperPDFs/CVPR_2026/Rethinking_Prompt_Design_for_Inference_time_Scaling_in_Text_to_Visual_Generation.pdf
CVPR,CVPR_2026,RoMo_A_Large_Scale_Richly_Organized_Dataset_and_Semantic_Taxonomy_for_Human_Motion_Generation.pdf,12,ok,57405,34325,True,References,obsidian-vault/paperPDFs/CVPR_2026/RoMo_A_Large_Scale_Richly_Organized_Dataset_and_Semantic_Taxonomy_for_Human_Motion_Generation.pdf
CVPR,CVPR_2026,Scaling_Instruction_Based_Video_Editing_with_a_High_Quality_Synthetic_Dataset.pdf,11,ok,45063,32468,True,References,obsidian-vault/paperPDFs/CVPR_2026/Scaling_Instruction_Based_Video_Editing_with_a_High_Quality_Synthetic_Dataset.pdf
CVPR,CVPR_2026,SpatialReward_Verifiable_Spatial_Reward_Modeling_for_Fine_Grained_Spatial_Consistency_in_Text_to_Image_Generation.pdf,12,ok,54959,35678,True,Acknowledgements,obsidian-vault/paperPDFs/CVPR_2026/SpatialReward_Verifiable_Spatial_Reward_Modeling_for_Fine_Grained_Spatial_Consistency_in_Text_to_Image_Generation.pdf
CVPR,CVPR_2026,Spectrum_from_Defocus_Fast_Spectral_Imaging_with_Chromatic_Focal_Stack.pdf,11,ok,43820,34167,True,References,obsidian-vault/paperPDFs/CVPR_2026/Spectrum_from_Defocus_Fast_Spectral_Imaging_with_Chromatic_Focal_Stack.pdf
CVPR,CVPR_2026,Stepwise_Credit_Assignment_for_GRPO_on_Flow_Matching_Models.pdf,22,ok,71321,33227,True,References,obsidian-vault/paperPDFs/CVPR_2026/Stepwise_Credit_Assignment_for_GRPO_on_Flow_Matching_Models.pdf
CVPR,CVPR_2026,StreamAvatar_Streaming_Diffusion_Models_for_Real_Time_Interactive_Human_Avatars.pdf,16,ok,65943,37273,True,Acknowledgements,obsidian-vault/paperPDFs/CVPR_2026/StreamAvatar_Streaming_Diffusion_Models_for_Real_Time_Interactive_Human_Avatars.pdf
CVPR,CVPR_2026,Taming_Video_Models_for_3D_and_4D_Generation_via_Zero_Shot_Camera_Control.pdf,26,ok,94977,37276,True,Acknowledgement,obsidian-vault/paperPDFs/CVPR_2026/Taming_Video_Models_for_3D_and_4D_Generation_via_Zero_Shot_Camera_Control.pdf
CVPR,CVPR_2026,TeamHOI_Learning_a_Unified_Policy_for_Cooperative_Human_Object_Interactions_with_Any_Team_Size.pdf,18,ok,76112,39085,True,References,obsidian-vault/paperPDFs/CVPR_2026/TeamHOI_Learning_a_Unified_Policy_for_Cooperative_Human_Object_Interactions_with_Any_Team_Size.pdf
CVPR,CVPR_2026,Thinking_with_Video_Video_Generation_as_a_Promising_Multimodal_Reasoning_Paradigm.pdf,34,ok,93290,36591,True,Acknowledgement,obsidian-vault/paperPDFs/CVPR_2026/Thinking_with_Video_Video_Generation_as_a_Promising_Multimodal_Reasoning_Paradigm.pdf
CVPR,CVPR_2026,Training_free_Motion_Factorization_for_Compositional_Video_Generation.pdf,11,ok,46602,32193,True,References,obsidian-vault/paperPDFs/CVPR_2026/Training_free_Motion_Factorization_for_Compositional_Video_Generation.pdf
CVPR,CVPR_2026,Unifying_Precise_Keyframes_and_Semantic_Control_via_Multi_level_Diffusion.pdf,11,ok,52531,39242,True,Acknowledgments,obsidian-vault/paperPDFs/CVPR_2026/Unifying_Precise_Keyframes_and_Semantic_Control_via_Multi_level_Diffusion.pdf
CVPR,CVPR_2026,Unsupervised_Multi_Scale_Segmentation_of_3D_Subcellular_World_with_Stable_Diffusion_Foundation_Model.pdf,9,ok,42062,36461,True,Acknowledgement,obsidian-vault/paperPDFs/CVPR_2026/Unsupervised_Multi_Scale_Segmentation_of_3D_Subcellular_World_with_Stable_Diffusion_Foundation_Model.pdf
CVPR,CVPR_2026,VA_p_Variational_Policy_Alignment_for_Pixel_Aware_Autoregressive_Generation.pdf,11,ok,50823,38403,True,Acknowledgment,obsidian-vault/paperPDFs/CVPR_2026/VA_p_Variational_Policy_Alignment_for_Pixel_Aware_Autoregressive_Generation.pdf
ICCV_ECCV,ECCV_2024,Animate_Your_Motion_Turning_Still_Images_into_Dynamic_Videos.pdf,22,ok,48782,34942,True,Acknowledgements,obsidian-vault/paperPDFs/ECCV_2024/Animate_Your_Motion_Turning_Still_Images_into_Dynamic_Videos.pdf
ICCV_ECCV,ECCV_2024,BAMM_Bidirectional_Autoregressive_Motion_Model.pdf,23,ok,63971,41637,True,References,obsidian-vault/paperPDFs/ECCV_2024/BAMM_Bidirectional_Autoregressive_Motion_Model.pdf
ICCV_ECCV,ECCV_2024,CHOIS_Controllable_Human_Object_Interaction_Synthesis.pdf,18,ok,52643,41421,True,References,obsidian-vault/paperPDFs/ECCV_2024/CHOIS_Controllable_Human_Object_Interaction_Synthesis.pdf
ICCV_ECCV,ECCV_2024,COIN_Control_Inpainting_Diffusion_Prior_for_Human_and_Camera_Motion_Estimation.pdf,24,ok,64586,40259,True,Appendix,obsidian-vault/paperPDFs/ECCV_2024/COIN_Control_Inpainting_Diffusion_Prior_for_Human_and_Camera_Motion_Estimation.pdf
ICCV_ECCV,ECCV_2024,ChroAccRet_Chronologically_Accurate_Retrieval_for_Temporal_Grounding_of_Motion_Language_Models.pdf,17,ok,53268,45730,True,References,obsidian-vault/paperPDFs/ECCV_2024/ChroAccRet_Chronologically_Accurate_Retrieval_for_Temporal_Grounding_of_Motion_Language_Models.pdf
ICCV_ECCV,ECCV_2024,CoMo_Controllable_Motion_Generation_through_Language_Guided_Pose_Code_Editing.pdf,29,ok,73663,38647,True,Acknowledgment,obsidian-vault/paperPDFs/ECCV_2024/CoMo_Controllable_Motion_Generation_through_Language_Guided_Pose_Code_Editing.pdf
ICCV_ECCV,ECCV_2024,CoMusion_Towards_Consistent_Stochastic_Human_Motion_Prediction_via_Motion_Diffusion.pdf,26,ok,67403,38636,True,Acknowledgements,obsidian-vault/paperPDFs/ECCV_2024/CoMusion_Towards_Consistent_Stochastic_Human_Motion_Prediction_via_Motion_Diffusion.pdf
ICCV_ECCV,ECCV_2024,Customize_A_Video_One_Shot_Motion_Customization_of_Text_to_Video_Diffusion_Models.pdf,27,ok,63756,35676,True,References,obsidian-vault/paperPDFs/ECCV_2024/Customize_A_Video_One_Shot_Motion_Customization_of_Text_to_Video_Diffusion_Models.pdf
ICCV_ECCV,ECCV_2024,DragAnything_Motion_Control_for_Anything_using_Entity_Representation.pdf,20,ok,49810,35734,True,Appendix,obsidian-vault/paperPDFs/ECCV_2024/DragAnything_Motion_Control_for_Anything_using_Entity_Representation.pdf
ICCV_ECCV,ECCV_2024,F_HOI_Toward_Fine_grained_Semantic_Aligned_3D_Human_Object_Interactions.pdf,19,ok,56317,40354,True,Acknowledgement,obsidian-vault/paperPDFs/ECCV_2024/F_HOI_Toward_Fine_grained_Semantic_Aligned_3D_Human_Object_Interactions.pdf
ICCV_ECCV,ECCV_2024,Generating_Human_Interaction_Motions_in_Scenes_with_Text_Control.pdf,20,ok,57498,46437,True,References,obsidian-vault/paperPDFs/ECCV_2024/Generating_Human_Interaction_Motions_in_Scenes_with_Text_Control.pdf
ICCV_ECCV,ECCV_2024,HIMO_A_New_Benchmark_for_Full_Body_Human_Interacting_with_Multiple_Objects.pdf,26,ok,61915,39551,True,Acknowledgements,obsidian-vault/paperPDFs/ECCV_2024/HIMO_A_New_Benchmark_for_Full_Body_Human_Interacting_with_Multiple_Objects.pdf
ICCV_ECCV,ECCV_2024,InterFusion_Text_Driven_Generation_of_3D_Human_Object_Interaction.pdf,27,ok,67430,38781,True,References,obsidian-vault/paperPDFs/ECCV_2024/InterFusion_Text_Driven_Generation_of_3D_Human_Object_Interaction.pdf
ICCV_ECCV,ECCV_2024,InterFusion_Text_Driven_Generation_of_3D_Human_Object_Interaction_ebook.pdf,27,ok,65136,36784,True,References,obsidian-vault/paperPDFs/ECCV_2024/InterFusion_Text_Driven_Generation_of_3D_Human_Object_Interaction_ebook.pdf
ICCV_ECCV,ECCV_2024,LivePhoto_Real_Image_Animation_with_Text_guided_Motion_Control.pdf,10,ok,41726,32754,True,References,obsidian-vault/paperPDFs/ECCV_2024/LivePhoto_Real_Image_Animation_with_Text_guided_Motion_Control.pdf
ICCV_ECCV,ECCV_2024,Local_Action_Guided_Motion_Diffusion_Model_for_Text_to_Motion_Generation.pdf,25,ok,69490,41121,True,Acknowledgements,obsidian-vault/paperPDFs/ECCV_2024/Local_Action_Guided_Motion_Diffusion_Model_for_Text_to_Motion_Generation.pdf
ICCV_ECCV,ECCV_2024,M2D2M_Multi_Motion_Generation_from_Text_with_Discrete_Diffusion_Models.pdf,28,ok,73840,39081,True,Acknowledgements,obsidian-vault/paperPDFs/ECCV_2024/M2D2M_Multi_Motion_Generation_from_Text_with_Discrete_Diffusion_Models.pdf
ICCV_ECCV,ECCV_2024,MICDrop_Masking_Image_and_Depth_Features_via_Complementary_Dropout_for_Domain_Adaptive_Semantic_Segmentation.pdf,26,ok,63786,42331,True,References,obsidian-vault/paperPDFs/ECCV_2024/MICDrop_Masking_Image_and_Depth_Features_via_Complementary_Dropout_for_Domain_Adaptive_Semantic_Segmentation.pdf
ICCV_ECCV,ECCV_2024,MOB_Revisit_Human_Scene_Interaction_via_Space_Occupancy.pdf,23,ok,61190,38365,True,Acknowledgments,obsidian-vault/paperPDFs/ECCV_2024/MOB_Revisit_Human_Scene_Interaction_via_Space_Occupancy.pdf
ICCV_ECCV,ECCV_2024,MOFA_Video_Controllable_Image_Animation_via_Generative_Motion_Field_Adaptions_in_Frozen_Image_to_Video_Diffusion_Model.pdf,24,ok,53037,40720,True,References,obsidian-vault/paperPDFs/ECCV_2024/MOFA_Video_Controllable_Image_Animation_via_Generative_Motion_Field_Adaptions_in_Frozen_Image_to_Video_Diffusion_Model.pdf
ICCV_ECCV,ECCV_2024,NeRF_XL_Scaling_NeRFs_with_Multiple_GPUs.pdf,29,ok,53570,30982,True,Acknowledgement,obsidian-vault/paperPDFs/ECCV_2024/NeRF_XL_Scaling_NeRFs_with_Multiple_GPUs.pdf
ICCV_ECCV,ECCV_2024,Photorealistic_Object_Insertion_with_Diffusion_Guided_Inverse_Rendering.pdf,30,ok,72012,38851,True,Acknowledgements,obsidian-vault/paperPDFs/ECCV_2024/Photorealistic_Object_Insertion_with_Diffusion_Guided_Inverse_Rendering.pdf
ICCV_ECCV,ECCV_2024,SMooDi_Stylized_Motion_Diffusion_Model.pdf,25,ok,66234,40584,True,References,obsidian-vault/paperPDFs/ECCV_2024/SMooDi_Stylized_Motion_Diffusion_Model.pdf
ICCV_ECCV,ECCV_2024,Sapiens_Foundation_for_Human_Vision_Models.pdf,15,ok,62050,34059,True,References,obsidian-vault/paperPDFs/ECCV_2024/Sapiens_Foundation_for_Human_Vision_Models.pdf
ICCV_ECCV,ECCV_2024,TRAM_Global_Trajectory_and_Motion_of_3D_Humans_from_in_the_wild_Videos.pdf,21,ok,55929,33773,True,References,obsidian-vault/paperPDFs/ECCV_2024/TRAM_Global_Trajectory_and_Motion_of_3D_Humans_from_in_the_wild_Videos.pdf
ICCV_ECCV,ECCV_2024,Text_Motion_Translator_A_Bi_Directional_Model_for_Enhanced_3D_Human_Motion_Generation_from_Open_Vocabulary_Descriptions.pdf,17,ok,44898,35693,True,Acknowledgments,obsidian-vault/paperPDFs/ECCV_2024/Text_Motion_Translator_A_Bi_Directional_Model_for_Enhanced_3D_Human_Motion_Generation_from_Open_Vocabulary_Descriptions.pdf
ICCV_ECCV,ICCV_2023,ATT3D_Amortized_Text_to_3D_Object_synthesis.pdf,22,ok,66836,29985,True,Acknowledgements,obsidian-vault/paperPDFs/ICCV_2023/ATT3D_Amortized_Text_to_3D_Object_synthesis.pdf
ICCV_ECCV,ICCV_2023,DreamTeacher_Pretraining_Image_Backbones_with_Deep_Generative_Models.pdf,27,ok,88501,47599,True,References,obsidian-vault/paperPDFs/ICCV_2023/DreamTeacher_Pretraining_Image_Backbones_with_Deep_Generative_Models.pdf
ICCV_ECCV,ICCV_2023,End_to_end_3D_Tracking_with_Decoupled_Queries.pdf,10,ok,41625,34225,True,6. Acknowledgement,obsidian-vault/paperPDFs/ICCV_2023/End_to_end_3D_Tracking_with_Decoupled_Queries.pdf
ICCV_ECCV,ICCV_2023,FB_OCC_3D_Occupancy_Prediction_based_on_Forward_Backward_View_Transformation.pdf,5,ok,21898,18124,True,References,obsidian-vault/paperPDFs/ICCV_2023/FB_OCC_3D_Occupancy_Prediction_based_on_Forward_Backward_View_Transformation.pdf
ICCV_ECCV,ICCV_2023,FocalFormer3D_Focusing_on_Hard_Instance_for_3D_Object_Detection.pdf,16,ok,65349,40327,True,References,obsidian-vault/paperPDFs/ICCV_2023/FocalFormer3D_Focusing_on_Hard_Instance_for_3D_Object_Detection.pdf
ICCV_ECCV,ICCV_2023,Learning_Human_Dynamics_in_Autonomous_Driving_Scenarios.pdf,11,ok,52914,38633,True,References,obsidian-vault/paperPDFs/ICCV_2023/Learning_Human_Dynamics_in_Autonomous_Driving_Scenarios.pdf
ICCV_ECCV,ICCV_2023,NFL_Neural_LiDAR_Fields_for_Novel_View_Synthesis.pdf,22,ok,64588,38489,True,References,obsidian-vault/paperPDFs/ICCV_2023/NFL_Neural_LiDAR_Fields_for_Novel_View_Synthesis.pdf
ICCV_ECCV,ICCV_2023,PoseFix_Correcting_3D_Human_Poses_with_Natural_Language.pdf,15,ok,76132,42545,True,supplementary,obsidian-vault/paperPDFs/ICCV_2023/PoseFix_Correcting_3D_Human_Poses_with_Natural_Language.pdf
ICCV_ECCV,ICCV_2023,TMR_Text_to_Motion_Retrieval_Using_Contrastive_3D_Human_Motion_Synthesis.pdf,17,ok,65483,46236,True,References,obsidian-vault/paperPDFs/ICCV_2023/TMR_Text_to_Motion_Retrieval_Using_Contrastive_3D_Human_Motion_Synthesis.pdf
ICCV_ECCV,ICCV_2023,TexFusion_Synthesizing_3D_Textures_with_Text_Guided_Image_Diffusion_Models.pdf,20,ok,80613,42537,True,References,obsidian-vault/paperPDFs/ICCV_2023/TexFusion_Synthesizing_3D_Textures_with_Text_Guided_Image_Diffusion_Models.pdf
ICCV_ECCV,ICCV_2023,Walking_your_lidog_A_journey_through_multiple_domains_for_lidar_semantic_segmentation.pdf,18,ok,57153,38529,True,References,obsidian-vault/paperPDFs/ICCV_2023/Walking_your_lidog_A_journey_through_multiple_domains_for_lidar_semantic_segmentation.pdf
ICCV_ECCV,ICCV_2025,A_Lesson_in_Splats_Teacher_Guided_Diffusion_for_3D_Gaussian_Splats_Generation_with_2D_Supervision.pdf,15,ok,58541,33052,True,Acknowledgment,obsidian-vault/paperPDFs/ICCV_2025/A_Lesson_in_Splats_Teacher_Guided_Diffusion_for_3D_Gaussian_Splats_Generation_with_2D_Supervision.pdf
ICCV_ECCV,ICCV_2025,A_Unified_Model_for_Egocentric_Motion_Reconstruction_Forecasting_and_Generation.pdf,17,ok,75645,35960,True,References,obsidian-vault/paperPDFs/ICCV_2025/A_Unified_Model_for_Egocentric_Motion_Reconstruction_Forecasting_and_Generation.pdf
ICCV_ECCV,ICCV_2025,Align_Your_Rhythm_Generating_Highly_Aligned_Dance_Poses_with_Gating_Enhanced_Rhythm_Aware_Feature_Representation.pdf,10,ok,45214,35753,True,Acknowledgments,obsidian-vault/paperPDFs/ICCV_2025/Align_Your_Rhythm_Generating_Highly_Aligned_Dance_Poses_with_Gating_Enhanced_Rhythm_Aware_Feature_Representation.pdf
ICCV_ECCV,ICCV_2025,Being_M0_5_A_Real_Time_Controllable_Vision_Language_Motion_Model.pdf,25,ok,82607,59299,True,References,obsidian-vault/paperPDFs/ICCV_2025/Being_M0_5_A_Real_Time_Controllable_Vision_Language_Motion_Model.pdf
ICCV_ECCV,ICCV_2025,DCM_Dual-Expert_Consistency_Model_for_Efficient_and_High-Quality_Video_Generation.pdf,18,ok,57329,33574,True,6. Acknowledgement,obsidian-vault/paperPDFs/ICCV_2025/DCM_Dual-Expert_Consistency_Model_for_Efficient_and_High-Quality_Video_Generation.pdf
ICCV_ECCV,ICCV_2025,DanceEditor_Towards_Iterative_Editable_Music_driven_Dance_Generation_with_Open_Vocabulary_Descriptions.pdf,11,ok,50092,37416,True,References,obsidian-vault/paperPDFs/ICCV_2025/DanceEditor_Towards_Iterative_Editable_Music_driven_Dance_Generation_with_Open_Vocabulary_Descriptions.pdf
ICCV_ECCV,ICCV_2025,DisCoRD_Discrete_Tokens_to_Continuous_Motion_via_Rectified_Flow_Decoding.pdf,22,ok,71160,37523,True,References,obsidian-vault/paperPDFs/ICCV_2025/DisCoRD_Discrete_Tokens_to_Continuous_Motion_via_Rectified_Flow_Decoding.pdf
ICCV_ECCV,ICCV_2025,GENMO_A_GENeralist_Model_for_Human_MOtion.pdf,14,ok,68622,41951,True,References,obsidian-vault/paperPDFs/ICCV_2025/GENMO_A_GENeralist_Model_for_Human_MOtion.pdf
ICCV_ECCV,ICCV_2025,GenDoP_Auto_regressive_Camera_Trajectory_Generation_as_a_Director_of_Photography.pdf,16,ok,74762,40232,True,Appendix,obsidian-vault/paperPDFs/ICCV_2025/GenDoP_Auto_regressive_Camera_Trajectory_Generation_as_a_Director_of_Photography.pdf
ICCV_ECCV,ICCV_2025,GestureLSM_Latent_Shortcut_based_Co_Speech_Gesture_Generation_with_Spatial_Temporal_Modeling.pdf,13,ok,52600,31982,True,References,obsidian-vault/paperPDFs/ICCV_2025/GestureLSM_Latent_Shortcut_based_Co_Speech_Gesture_Generation_with_Spatial_Temporal_Modeling.pdf
ICCV_ECCV,ICCV_2025,Hydra_NeXt_Robust_Closed_Loop_Driving_with_Open_Loop_Training.pdf,13,ok,55110,35055,True,References,obsidian-vault/paperPDFs/ICCV_2025/Hydra_NeXt_Robust_Closed_Loop_Driving_with_Open_Loop_Training.pdf
ICCV_ECCV,ICCV_2025,InfiniDreamer_Arbitrarily_Long_Human_Motion_Generation_via_Segment_Score_Distillation.pdf,15,ok,63902,32002,True,Acknowledgments,obsidian-vault/paperPDFs/ICCV_2025/InfiniDreamer_Arbitrarily_Long_Human_Motion_Generation_via_Segment_Score_Distillation.pdf
ICCV_ECCV,ICCV_2025,KinMo_Kinematic_aware_Human_Motion_Understanding_and_Generation.pdf,21,ok,101638,43724,True,References,obsidian-vault/paperPDFs/ICCV_2025/KinMo_Kinematic_aware_Human_Motion_Understanding_and_Generation.pdf
ICCV_ECCV,ICCV_2025,MaskControl_Spatio_Temporal_Control_for_Masked_Motion_Synthesis.pdf,11,ok,52560,39262,True,References,obsidian-vault/paperPDFs/ICCV_2025/MaskControl_Spatio_Temporal_Control_for_Masked_Motion_Synthesis.pdf
ICCV_ECCV,ICCV_2025,MonSTeR_a_Unified_Model_for_Motion_Scene_Text_Retrieval.pdf,10,ok,46928,37407,True,7. Acknowledgement,obsidian-vault/paperPDFs/ICCV_2025/MonSTeR_a_Unified_Model_for_Motion_Scene_Text_Retrieval.pdf
ICCV_ECCV,ICCV_2025,MotionLab_Unified_Human_Motion_Generation_and_Editing_via_the_Motion_Condition_Motion_Paradigm.pdf,14,ok,65647,37610,True,References,obsidian-vault/paperPDFs/ICCV_2025/MotionLab_Unified_Human_Motion_Generation_and_Editing_via_the_Motion_Condition_Motion_Paradigm.pdf
ICCV_ECCV,ICCV_2025,PINO_Person_Interaction_Noise_Optimization_for_Long_Duration_and_Customizable_Motion_Generation_of_Arbitrary_Sized_Groups.pdf,14,ok,59454,36288,True,Acknowledgements,obsidian-vault/paperPDFs/ICCV_2025/PINO_Person_Interaction_Noise_Optimization_for_Long_Duration_and_Customizable_Motion_Generation_of_Arbitrary_Sized_Groups.pdf
ICCV_ECCV,ICCV_2025,PRIMAL_Physically_Reactive_and_Interactive_Motor_Model_for_Avatar_Learning.pdf,12,ok,55712,37167,True,References,obsidian-vault/paperPDFs/ICCV_2025/PRIMAL_Physically_Reactive_and_Interactive_Motor_Model_for_Avatar_Learning.pdf
ICCV_ECCV,ICCV_2025,PUMPS_Skeleton_Agnostic_Point_based_Universal_Motion_Pre_Training_for_Synthesis_in_Human_Motion_Tasks.pdf,11,ok,50470,37173,True,Acknowledgements,obsidian-vault/paperPDFs/ICCV_2025/PUMPS_Skeleton_Agnostic_Point_based_Universal_Motion_Pre_Training_for_Synthesis_in_Human_Motion_Tasks.pdf
ICCV_ECCV,ICCV_2025,PartField_Learning_3D_Feature_Fields_for_Part_Segmentation_and_Beyond.pdf,17,ok,62475,40109,True,References,obsidian-vault/paperPDFs/ICCV_2025/PartField_Learning_3D_Feature_Fields_for_Part_Segmentation_and_Beyond.pdf
ICCV_ECCV,ICCV_2025,Perspective_Aware_Reasoning_in_Vision_Language_Models_via_Mental_Imagery_Simulation.pdf,16,ok,72807,40711,True,References,obsidian-vault/paperPDFs/ICCV_2025/Perspective_Aware_Reasoning_in_Vision_Language_Models_via_Mental_Imagery_Simulation.pdf
ICCV_ECCV,ICCV_2025,SemTalk_Holistic_Co_speech_Motion_Generation_with_Frame_level_Semantic_Emphasis.pdf,11,ok,46708,33234,True,References,obsidian-vault/paperPDFs/ICCV_2025/SemTalk_Holistic_Co_speech_Motion_Generation_with_Frame_level_Semantic_Emphasis.pdf
ICCV_ECCV,ICCV_2025,Towards_a_Unified_Copernicus_Foundation_Model_for_Earth_Vision.pdf,33,ok,88748,36017,True,References,obsidian-vault/paperPDFs/ICCV_2025/Towards_a_Unified_Copernicus_Foundation_Model_for_Earth_Vision.pdf
ICLR,ICLR_2025,MotionClone_Training_Free_Motion_Cloning_for_Controllable_Video_Generation.pdf,18,ok,45793,45793,False,,obsidian-vault/paperPDFs/ICLR_2025/MotionClone_Training_Free_Motion_Cloning_for_Controllable_Video_Generation.pdf
ICLR,ICLR_2025,Neural_Spacetimes_for_DAG_Representation_Learning.pdf,40,ok,141472,44364,True,ACKNOWLEDGMENTS,obsidian-vault/paperPDFs/ICLR_2025/Neural_Spacetimes_for_DAG_Representation_Learning.pdf
ICLR,ICLR_2026,3D_Aware_Region_Prompted_Vision_Language_Model.pdf,23,ok,86422,40022,True,ACKNOWLEDGEMENT,obsidian-vault/paperPDFs/ICLR_2026/3D_Aware_Region_Prompted_Vision_Language_Model.pdf
ICLR,ICLR_2026,A.I.R._Enabling_Adaptive_Iterative_and_Reasoning-based_Frame_Selection_For_Video_Question_Answering.pdf,28,ok,97837,44611,True,ACKNOWLEDGMENTS,obsidian-vault/paperPDFs/ICLR_2026/A.I.R._Enabling_Adaptive_Iterative_and_Reasoning-based_Frame_Selection_For_Video_Question_Answering.pdf
ICLR,ICLR_2026,AVERE_Improving_Audiovisual_Emotion_Reasoning_with_Preference_Optimization.pdf,45,ok,168417,45654,True,ACKNOWLEDGEMENTS,obsidian-vault/paperPDFs/ICLR_2026/AVERE_Improving_Audiovisual_Emotion_Reasoning_with_Preference_Optimization.pdf
ICLR,ICLR_2026,A_Benchmark_for_Deep_Information_Synthesis.pdf,22,ok,65697,65697,False,,obsidian-vault/paperPDFs/ICLR_2026/A_Benchmark_for_Deep_Information_Synthesis.pdf
ICLR,ICLR_2026,A_Recovery_Guarantee_for_Sparse_Neural_Networks.pdf,27,ok,84544,36235,True,ACKNOWLEDGMENTS,obsidian-vault/paperPDFs/ICLR_2026/A_Recovery_Guarantee_for_Sparse_Neural_Networks.pdf
ICLR,ICLR_2026,A_Representer_Theorem_for_Hawkes_Processes_via_Penalized_Least_Squares_Minimization.pdf,24,ok,70079,70079,False,,obsidian-vault/paperPDFs/ICLR_2026/A_Representer_Theorem_for_Hawkes_Processes_via_Penalized_Least_Squares_Minimization.pdf
ICLR,ICLR_2026,AbdCTBench_Learning_Clinical_Biomarker_Representations_from_Abdominal_Surface_Geometry.pdf,25,ok,79620,40789,True,ACKNOWLEDGMENTS,obsidian-vault/paperPDFs/ICLR_2026/AbdCTBench_Learning_Clinical_Biomarker_Representations_from_Abdominal_Surface_Geometry.pdf
ICLR,ICLR_2026,ActivationReasoning_Logical_Reasoning_in_Latent_Activation_Spaces.pdf,24,ok,94302,46718,True,ACKNOWLEDGEMENTS,obsidian-vault/paperPDFs/ICLR_2026/ActivationReasoning_Logical_Reasoning_in_Latent_Activation_Spaces.pdf
ICLR,ICLR_2026,Agentic_Reinforcement_Learning_with_Implicit_Step_Rewards.pdf,21,ok,70831,40094,True,ACKNOWLEDGEMENTS,obsidian-vault/paperPDFs/ICLR_2026/Agentic_Reinforcement_Learning_with_Implicit_Step_Rewards.pdf
ICLR,ICLR_2026,AnyUp_Universal_Feature_Upsampling.pdf,21,ok,57201,57201,False,,obsidian-vault/paperPDFs/ICLR_2026/AnyUp_Universal_Feature_Upsampling.pdf
ICLR,ICLR_2026,AutoDrivetext_P3_Unified_Chain_of_PerceptionPredictionPlanning_Thought_via_Reinforcement_Fine_Tuning.pdf,30,ok,133347,43466,True,ACKNOWLEDGMENTS,obsidian-vault/paperPDFs/ICLR_2026/AutoDrivetext_P3_Unified_Chain_of_PerceptionPredictionPlanning_Thought_via_Reinforcement_Fine_Tuning.pdf
ICLR,ICLR_2026,Bee_A_High_Quality_Corpus_and_Full_Stack_Suite_to_Unlock_Advanced_Fully_Open_MLLMs.pdf,68,ok,224384,136814,True,APPENDIX,obsidian-vault/paperPDFs/ICLR_2026/Bee_A_High_Quality_Corpus_and_Full_Stack_Suite_to_Unlock_Advanced_Fully_Open_MLLMs.pdf
ICLR,ICLR_2026,Beyond_Visual_Reconstruction_Quality_Object_Perception_aware_3D_Gaussian_Splatting_for_Autonomous_Driving.pdf,13,ok,42997,32842,True,ACKNOWLEDGEMENT,obsidian-vault/paperPDFs/ICLR_2026/Beyond_Visual_Reconstruction_Quality_Object_Perception_aware_3D_Gaussian_Splatting_for_Autonomous_Driving.pdf
ICLR,ICLR_2026,Common_Corpus_The_Largest_Collection_of_Ethical_Data_for_LLM_Pre_Training.pdf,34,ok,119397,40678,True,ACKNOWLEDGEMENTS,obsidian-vault/paperPDFs/ICLR_2026/Common_Corpus_The_Largest_Collection_of_Ethical_Data_for_LLM_Pre_Training.pdf
ICLR,ICLR_2026,ContextIF_Enhancing_Instruction_Following_through_Context_Reward.pdf,19,ok,70549,37349,True,ACKNOWLEDGMENTS,obsidian-vault/paperPDFs/ICLR_2026/ContextIF_Enhancing_Instruction_Following_through_Context_Reward.pdf
ICLR,ICLR_2026,DiMeR_Disentangled_Mesh_Reconstruction_Model_with_Normal_only_Geometry_Training_a5d58f656555.pdf,25,ok,65291,37257,True,ACKNOWLEDGMENTS,obsidian-vault/paperPDFs/ICLR_2026/DiMeR_Disentangled_Mesh_Reconstruction_Model_with_Normal_only_Geometry_Training_a5d58f656555.pdf
ICLR,ICLR_2026,Dynamic_Novel_View_Synthesis_in_High_Dynamic_Range_c7124ba0dcb7.pdf,22,ok,65429,37797,True,ACKNOWLEDGMENTS,obsidian-vault/paperPDFs/ICLR_2026/Dynamic_Novel_View_Synthesis_in_High_Dynamic_Range_c7124ba0dcb7.pdf
ICLR,ICLR_2026,Escaping_the_Homophily_Trap_A_Threshold_free_Graph_Outlier_Detection_Framework_via_Clustering_guided_Edge_Reweighting.pdf,21,ok,70883,37421,True,ACKNOWLEDGMENTS,obsidian-vault/paperPDFs/ICLR_2026/Escaping_the_Homophily_Trap_A_Threshold_free_Graph_Outlier_Detection_Framework_via_Clustering_guided_Edge_Reweighting.pdf
ICLR,ICLR_2026,Evoking_User_Memory_Personalizing_LLM_via_Recollection_Familiarity_Adaptive_Retrieval.pdf,36,ok,123588,42173,True,ACKNOWLEDGEMENT,obsidian-vault/paperPDFs/ICLR_2026/Evoking_User_Memory_Personalizing_LLM_via_Recollection_Familiarity_Adaptive_Retrieval.pdf
ICLR,ICLR_2026,Following_the_Navigation_Enhancing_Small_Language_Models_Contextual_Reasoning_with_LLM_Guidance.pdf,24,ok,78996,39886,True,ACKNOWLEDGMENTS,obsidian-vault/paperPDFs/ICLR_2026/Following_the_Navigation_Enhancing_Small_Language_Models_Contextual_Reasoning_with_LLM_Guidance.pdf
ICLR,ICLR_2026,From_Markov_to_Laplace_How_Mamba_In_Context_Learns_Markov_Chains.pdf,31,ok,80472,35913,True,ACKNOWLEDGMENTS,obsidian-vault/paperPDFs/ICLR_2026/From_Markov_to_Laplace_How_Mamba_In_Context_Learns_Markov_Chains.pdf
ICLR,ICLR_2026,Gaia2_Benchmarking_LLM_Agents_on_Dynamic_and_Asynchronous_Environments.pdf,32,ok,107495,40822,True,ACKNOWLEDGEMENTS,obsidian-vault/paperPDFs/ICLR_2026/Gaia2_Benchmarking_LLM_Agents_on_Dynamic_and_Asynchronous_Environments.pdf
ICLR,ICLR_2026,Grounding_IQA_Grounding_Multimodal_Language_Model_for_Image_Quality_Assessment.pdf,13,ok,53130,42674,True,ACKNOWLEDGMENTS,obsidian-vault/paperPDFs/ICLR_2026/Grounding_IQA_Grounding_Multimodal_Language_Model_for_Image_Quality_Assessment.pdf
ICLR,ICLR_2026,HAMLET_Switch_Your_Vision_Language_Action_Model_into_a_History_Aware_Policy.pdf,22,ok,70696,35997,True,ACKNOWLEDGMENTS,obsidian-vault/paperPDFs/ICLR_2026/HAMLET_Switch_Your_Vision_Language_Action_Model_into_a_History_Aware_Policy.pdf
ICLR,ICLR_2026,How_Do_Transformers_Learn_to_Associate_Tokens_Gradient_Leading_Terms_Bring_Mechanistic_Interpretability.pdf,36,ok,95522,39927,True,ACKNOWLEDGMENTS,obsidian-vault/paperPDFs/ICLR_2026/How_Do_Transformers_Learn_to_Associate_Tokens_Gradient_Leading_Terms_Bring_Mechanistic_Interpretability.pdf
ICLR,ICLR_2026,Human_Object_Interaction_via_Automatically_Designed_VLM_Guided_Motion_Policy.pdf,28,ok,99175,42186,True,ACKNOWLEDGEMENTS,obsidian-vault/paperPDFs/ICLR_2026/Human_Object_Interaction_via_Automatically_Designed_VLM_Guided_Motion_Policy.pdf
ICLR,ICLR_2026,HybridVLA_Collaborative_Diffusion_and_Autoregression_in_a_Unified_Vision_Language_Action_Model.pdf,27,ok,99101,45526,True,ACKNOWLEDGEMENTS,obsidian-vault/paperPDFs/ICLR_2026/HybridVLA_Collaborative_Diffusion_and_Autoregression_in_a_Unified_Vision_Language_Action_Model.pdf
ICLR,ICLR_2026,Invisible_Safety_Threat_Malicious_Finetuning_for_LLM_via_Steganography.pdf,30,ok,98885,37873,True,ACKNOWLEDGEMENT,obsidian-vault/paperPDFs/ICLR_2026/Invisible_Safety_Threat_Malicious_Finetuning_for_LLM_via_Steganography.pdf
ICLR,ICLR_2026,LongWriter_Zero_Mastering_Ultra_Long_Text_Generation_via_Reinforcement_Learning.pdf,26,ok,89426,37443,True,ACKNOWLEDGEMENT,obsidian-vault/paperPDFs/ICLR_2026/LongWriter_Zero_Mastering_Ultra_Long_Text_Generation_via_Reinforcement_Learning.pdf
ICLR,ICLR_2026,Mean_Flow_Policy_with_Instantaneous_Velocity_Constraint_for_One_step_Action_Generation.pdf,23,ok,62176,34965,True,ACKNOWLEDGMENT,obsidian-vault/paperPDFs/ICLR_2026/Mean_Flow_Policy_with_Instantaneous_Velocity_Constraint_for_One_step_Action_Generation.pdf
ICLR,ICLR_2026,MoCa_Modeling_Object_Consistency_for_3D_Camera_Control_in_Video_Generation_fe63ef4de104.pdf,22,ok,64972,37524,True,ACKNOWLEDGMENTS,obsidian-vault/paperPDFs/ICLR_2026/MoCa_Modeling_Object_Consistency_for_3D_Camera_Control_in_Video_Generation_fe63ef4de104.pdf
ICLR,ICLR_2026,Navigating_the_Latent_Space_Dynamics_of_Neural_Models.pdf,30,ok,89381,37224,True,ACKNOWLEDGMENTS,obsidian-vault/paperPDFs/ICLR_2026/Navigating_the_Latent_Space_Dynamics_of_Neural_Models.pdf
ICLR,ICLR_2026,PALC_Preference_Alignment_via_Logit_Calibration.pdf,21,ok,63932,63932,False,,obsidian-vault/paperPDFs/ICLR_2026/PALC_Preference_Alignment_via_Logit_Calibration.pdf
ICLR,ICLR_2026,PEERING_INTO_THE_UNKNOWN_ACTIVE_VIEW_SELECTION_WITH_NEURAL_UNCERTAINTY_MAPS_FOR_3D_RECONSTRUCTION.pdf,21,ok,74849,44366,True,ACKNOWLEDGMENTS,obsidian-vault/paperPDFs/ICLR_2026/PEERING_INTO_THE_UNKNOWN_ACTIVE_VIEW_SELECTION_WITH_NEURAL_UNCERTAINTY_MAPS_FOR_3D_RECONSTRUCTION.pdf
ICLR,ICLR_2026,Quotient_Space_Diffusion_Models.pdf,37,ok,126511,40977,True,References,obsidian-vault/paperPDFs/ICLR_2026/Quotient_Space_Diffusion_Models.pdf
ICLR,ICLR_2026,Reasoning_Models_Can_be_Accurately_Pruned_Via_Chain_of_Thought_Reconstruction.pdf,13,ok,47068,36223,True,ACKNOWLEDGEMENTS,obsidian-vault/paperPDFs/ICLR_2026/Reasoning_Models_Can_be_Accurately_Pruned_Via_Chain_of_Thought_Reconstruction.pdf
ICLR,ICLR_2026,Reinforcement_Learning_with_Verifiable_Rewards_Implicitly_Incentivizes_Correct_Reasoning_in_Base_LLMs.pdf,34,ok,100750,100750,False,,obsidian-vault/paperPDFs/ICLR_2026/Reinforcement_Learning_with_Verifiable_Rewards_Implicitly_Incentivizes_Correct_Reasoning_in_Base_LLMs.pdf
ICLR,ICLR_2026,Remotely_Detectable_Robot_Policy_Watermarking.pdf,25,ok,77571,34946,True,ACKNOWLEDGEMENTS,obsidian-vault/paperPDFs/ICLR_2026/Remotely_Detectable_Robot_Policy_Watermarking.pdf
ICLR,ICLR_2026,RewardMap_Tackling_Sparse_Rewards_in_Fine_grained_Visual_Reasoning_via_Multi_Stage_Reinforcement_Learning.pdf,22,ok,75282,42693,True,ACKNOWLEDGEMENT,obsidian-vault/paperPDFs/ICLR_2026/RewardMap_Tackling_Sparse_Rewards_in_Fine_grained_Visual_Reasoning_via_Multi_Stage_Reinforcement_Learning.pdf
ICLR,ICLR_2026,SAFETY_GUIDED_FLOW_SGF_A_UNIFIED_FRAMEWORK_FOR_NEGATIVE_GUIDANCE_IN_SAFE_GENERATION.pdf,28,ok,85185,35955,True,ACKNOWLEDGMENTS,obsidian-vault/paperPDFs/ICLR_2026/SAFETY_GUIDED_FLOW_SGF_A_UNIFIED_FRAMEWORK_FOR_NEGATIVE_GUIDANCE_IN_SAFE_GENERATION.pdf
ICLR,ICLR_2026,STAR_Bench_Probing_Deep_Spatio_Temporal_Reasoning_as_Audio_4D_Intelligence.pdf,29,ok,110577,46872,True,ACKNOWLEDGMENTS,obsidian-vault/paperPDFs/ICLR_2026/STAR_Bench_Probing_Deep_Spatio_Temporal_Reasoning_as_Audio_4D_Intelligence.pdf
ICLR,ICLR_2026,SciNav_A_General_Agent_Framework_for_Scientific_Coding_Tasks.pdf,20,ok,66690,37207,True,ACKNOWLEDGMENTS,obsidian-vault/paperPDFs/ICLR_2026/SciNav_A_General_Agent_Framework_for_Scientific_Coding_Tasks.pdf
ICLR,ICLR_2026,SeedPrints_Fingerprints_Can_Even_Tell_Which_Seed_Your_Large_Language_Model_Was_Trained_From.pdf,29,ok,99720,99720,False,,obsidian-vault/paperPDFs/ICLR_2026/SeedPrints_Fingerprints_Can_Even_Tell_Which_Seed_Your_Large_Language_Model_Was_Trained_From.pdf
ICLR,ICLR_2026,Self_Refining_Vision_Language_Model_for_Robotic_Failure_Detection_and_Reasoning.pdf,23,ok,83218,48678,True,ACKNOWLEDGMENTS,obsidian-vault/paperPDFs/ICLR_2026/Self_Refining_Vision_Language_Model_for_Robotic_Failure_Detection_and_Reasoning.pdf
ICLR,ICLR_2026,SimuHome_A_Temporal_and_Environment_Aware_Benchmark_for_Smart_Home_LLM_Agents.pdf,28,ok,89519,40615,True,ACKNOWLEDGMENTS,obsidian-vault/paperPDFs/ICLR_2026/SimuHome_A_Temporal_and_Environment_Aware_Benchmark_for_Smart_Home_LLM_Agents.pdf
ICLR,ICLR_2026,Social_Agents_Collective_Intelligence_Improves_LLM_Predictions.pdf,31,ok,99449,99449,False,,obsidian-vault/paperPDFs/ICLR_2026/Social_Agents_Collective_Intelligence_Improves_LLM_Predictions.pdf
ICLR,ICLR_2026,Sparse_Imagination_for_Efficient_Visual_World_Model_Planning.pdf,29,ok,83928,83928,False,,obsidian-vault/paperPDFs/ICLR_2026/Sparse_Imagination_for_Efficient_Visual_World_Model_Planning.pdf
ICLR,ICLR_2026,Stabilizing_Policy_Gradients_for_Sample_Efficient_Reinforcement_Learning_in_LLM_Reasoning.pdf,39,ok,107947,35365,True,ACKNOWLEDGMENTS,obsidian-vault/paperPDFs/ICLR_2026/Stabilizing_Policy_Gradients_for_Sample_Efficient_Reinforcement_Learning_in_LLM_Reasoning.pdf
ICLR,ICLR_2026,TD_JEPA_Latent_predictive_Representations_for_Zero_Shot_Reinforcement_Learning.pdf,34,ok,120292,120292,False,,obsidian-vault/paperPDFs/ICLR_2026/TD_JEPA_Latent_predictive_Representations_for_Zero_Shot_Reinforcement_Learning.pdf
ICLR,ICLR_2026,Thinking_on_the_Fly_Test_Time_Reasoning_Enhancement_via_Latent_Thought_Policy_Optimization.pdf,27,ok,95808,95808,False,,obsidian-vault/paperPDFs/ICLR_2026/Thinking_on_the_Fly_Test_Time_Reasoning_Enhancement_via_Latent_Thought_Policy_Optimization.pdf
ICLR,ICLR_2026,Towards_Multimodal_Data_Driven_Scientific_Discovery_Powered_by_LLM_Agents.pdf,15,ok,60298,42282,True,ACKNOWLEDGMENTS,obsidian-vault/paperPDFs/ICLR_2026/Towards_Multimodal_Data_Driven_Scientific_Discovery_Powered_by_LLM_Agents.pdf
ICLR,ICLR_2026,UALM_Unified_Audio_Language_Model_for_Understanding_Generation_and_Reasoning.pdf,23,ok,78327,78327,False,,obsidian-vault/paperPDFs/ICLR_2026/UALM_Unified_Audio_Language_Model_for_Understanding_Generation_and_Reasoning.pdf
ICLR,ICLR_2026,USTBench_Benchmarking_and_Dissecting_Spatiotemporal_Reasoning_Capabilities_of_LLMs_as_Urban_Agents.pdf,48,ok,165738,47047,True,ACKNOWLEDGMENTS,obsidian-vault/paperPDFs/ICLR_2026/USTBench_Benchmarking_and_Dissecting_Spatiotemporal_Reasoning_Capabilities_of_LLMs_as_Urban_Agents.pdf
ICLR,ICLR_2026,UniHM_Unified_Dexterous_Hand_Manipulation_with_Vision_Language_Model.pdf,22,ok,62410,31904,True,ACKNOWLEDGEMENT,obsidian-vault/paperPDFs/ICLR_2026/UniHM_Unified_Dexterous_Hand_Manipulation_with_Vision_Language_Model.pdf
ICLR,ICLR_2026,VPI_Bench_Visual_Prompt_Injection_Attacks_for_Computer_Use_Agents.pdf,24,ok,71343,40349,True,ACKNOWLEDGEMENTS,obsidian-vault/paperPDFs/ICLR_2026/VPI_Bench_Visual_Prompt_Injection_Attacks_for_Computer_Use_Agents.pdf
ICLR,ICLR_2026,World_In_World_World_Models_in_a_Closed_Loop_World.pdf,40,ok,126689,67067,True,Appendix,obsidian-vault/paperPDFs/ICLR_2026/World_In_World_World_Models_in_a_Closed_Loop_World.pdf
ICLR,ICLR_2026,Zero_shot_Gesture_Movement_Recognition.pdf,17,ok,57762,57762,False,,obsidian-vault/paperPDFs/ICLR_2026/Zero_shot_Gesture_Movement_Recognition.pdf
ICLR,ICLR_2026,textbfRe2_Unlocking_LLM_Reasoning_via_Reinforcement_Learning_with_Re_solving.pdf,26,ok,90151,37762,True,ACKNOWLEDGMENTS,obsidian-vault/paperPDFs/ICLR_2026/textbfRe2_Unlocking_LLM_Reasoning_via_Reinforcement_Learning_with_Re_solving.pdf
NEURIPS,NEURIPS_2022,GENIE_Higher_Order_Denoising_Diffusion_Solvers.pdf,46,ok,115449,39398,True,Acknowledgements,obsidian-vault/paperPDFs/NEURIPS_2022/GENIE_Higher_Order_Denoising_Diffusion_Solvers.pdf
NEURIPS,NEURIPS_2022,GET3D_A_Generative_Model_of_High_Quality_3D_Textured_Shapes_Learned_from_Images.pdf,39,ok,95938,34222,True,References,obsidian-vault/paperPDFs/NEURIPS_2022/GET3D_A_Generative_Model_of_High_Quality_3D_Textured_Shapes_Learned_from_Images.pdf
NEURIPS,NEURIPS_2022,HUMANISE:_Language-conditioned_Human_Motion_Generation_in_3D_Scenes.pdf,18,ok,57303,38040,True,References,obsidian-vault/paperPDFs/NEURIPS_2022/HUMANISE:_Language-conditioned_Human_Motion_Generation_in_3D_Scenes.pdf
NEURIPS,NEURIPS_2022,LION_Latent_Point_Diffusion_Models_for_3D_Shape_Generation.pdf,63,ok,168253,41084,True,References,obsidian-vault/paperPDFs/NEURIPS_2022/LION_Latent_Point_Diffusion_Models_for_3D_Shape_Generation.pdf
NEURIPS,NEURIPS_2022,Learning_to_Discover_and_Detect_Objects.pdf,21,ok,71421,41314,True,References,obsidian-vault/paperPDFs/NEURIPS_2022/Learning_to_Discover_and_Detect_Objects.pdf
NEURIPS,NEURIPS_2022,Optimizing_Data_Collection_for_Machine_Learning.pdf,28,ok,100472,38650,True,References,obsidian-vault/paperPDFs/NEURIPS_2022/Optimizing_Data_Collection_for_Machine_Learning.pdf
NEURIPS,NEURIPS_2022,Quo_Vadis_Is_Trajectory_Forecasting_the_Key_Towards_Long_Term_Multi_Object_Tracking.pdf,18,ok,72977,45280,True,References,obsidian-vault/paperPDFs/NEURIPS_2022/Quo_Vadis_Is_Trajectory_Forecasting_the_Key_Towards_Long_Term_Multi_Object_Tracking.pdf
NEURIPS,NEURIPS_2022,Structural_Pruning_via_Latency_Saliency_Knapsack.pdf,26,ok,98462,36989,True,References,obsidian-vault/paperPDFs/NEURIPS_2022/Structural_Pruning_via_Latency_Saliency_Knapsack.pdf
NEURIPS,NEURIPS_2023,FineMoGen_Fine_Grained_Spatio_Temporal_Motion_Generation_and_Editing.pdf,14,ok,51797,39669,True,Acknowledgment,obsidian-vault/paperPDFs/NEURIPS_2023/FineMoGen_Fine_Grained_Spatio_Temporal_Motion_Generation_and_Editing.pdf
NEURIPS,NEURIPS_2023,MotionGPT_Human_Motion_as_a_Foreign_Language.pdf,21,ok,72518,38486,True,References,obsidian-vault/paperPDFs/NEURIPS_2023/MotionGPT_Human_Motion_as_a_Foreign_Language.pdf
NEURIPS,NEURIPS_2023,Towards_Distribution_Agnostic_Generalized_Category_Discovery.pdf,23,ok,69309,36447,True,Acknowledgements,obsidian-vault/paperPDFs/NEURIPS_2023/Towards_Distribution_Agnostic_Generalized_Category_Discovery.pdf
NEURIPS,NEURIPS_2024,An_Advanced_Multimodal_Multitask_Framework_for_Motion_Comprehension_and_Generation.pdf,27,ok,97317,42375,True,References,obsidian-vault/paperPDFs/NEURIPS_2024/An_Advanced_Multimodal_Multitask_Framework_for_Motion_Comprehension_and_Generation.pdf
NEURIPS,NEURIPS_2024,CigTime_Corrective_Instruction_Generation_Through_Inverse_Motion_Editing.pdf,25,ok,76669,33829,True,Acknowledgment,obsidian-vault/paperPDFs/NEURIPS_2024/CigTime_Corrective_Instruction_Generation_Through_Inverse_Motion_Editing.pdf
NEURIPS,NEURIPS_2024,CooHOI_Learning_Cooperative_Human_Object_Interaction_with_Manipulated_Object_Dynamics.pdf,17,ok,53161,31495,True,References,obsidian-vault/paperPDFs/NEURIPS_2024/CooHOI_Learning_Cooperative_Human_Object_Interaction_with_Manipulated_Object_Dynamics.pdf
NEURIPS,NEURIPS_2024,DCVQ_Dimensional_Collapse_in_VQVAEs_Evidence_and_Remedies.pdf,33,ok,93133,33891,True,References,obsidian-vault/paperPDFs/NEURIPS_2024/DCVQ_Dimensional_Collapse_in_VQVAEs_Evidence_and_Remedies.pdf
NEURIPS,NEURIPS_2024,DiMoP3D_Harmonizing_Stochasticity_and_Determinism_Scene_responsive_Diverse_Human_Motion_Prediction.pdf,28,ok,92318,38211,True,Acknowledgements,obsidian-vault/paperPDFs/NEURIPS_2024/DiMoP3D_Harmonizing_Stochasticity_and_Determinism_Scene_responsive_Diverse_Human_Motion_Prediction.pdf
NEURIPS,NEURIPS_2024,Director3D_Real_world_Camera_Trajectory_and_3D_Scene_Generation_from_Text.pdf,19,ok,76672,47845,True,Acknowledgements,obsidian-vault/paperPDFs/NEURIPS_2024/Director3D_Real_world_Camera_Trajectory_and_3D_Scene_Generation_from_Text.pdf
NEURIPS,NEURIPS_2024,DistillNeRF_Perceiving_3D_Scenes_from_Single_Glance_Images_by_Distilling_Neural_Fields_and_Foundation_Model_Features.pdf,22,ok,72773,40691,True,References,obsidian-vault/paperPDFs/NEURIPS_2024/DistillNeRF_Perceiving_3D_Scenes_from_Single_Glance_Images_by_Distilling_Neural_Fields_and_Foundation_Model_Features.pdf
NEURIPS,NEURIPS_2024,EgoChoir_Capturing_3D_Human_Object_Interaction_Regions_from_Egocentric_Views.pdf,23,ok,84372,39102,True,References,obsidian-vault/paperPDFs/NEURIPS_2024/EgoChoir_Capturing_3D_Human_Object_Interaction_Regions_from_Egocentric_Views.pdf
NEURIPS,NEURIPS_2024,Enhancing_Motion_in_Text_to_Video_Generation_with_Decomposed_Encoding_and_Conditioning.pdf,23,ok,65112,34239,True,Acknowledgement,obsidian-vault/paperPDFs/NEURIPS_2024/Enhancing_Motion_in_Text_to_Video_Generation_with_Decomposed_Encoding_and_Conditioning.pdf
NEURIPS,NEURIPS_2024,HumanVLA_Towards_Vision_Language_Directed_Object_Rearrangement_by_Physical_Humanoid.pdf,20,ok,65485,34320,True,Acknowledgments,obsidian-vault/paperPDFs/NEURIPS_2024/HumanVLA_Towards_Vision_Language_Directed_Object_Rearrangement_by_Physical_Humanoid.pdf
NEURIPS,NEURIPS_2024,InterControl_Zero_shot_Human_Interaction_Generation_by_Controlling_Every_Joint.pdf,28,ok,96222,43547,True,References,obsidian-vault/paperPDFs/NEURIPS_2024/InterControl_Zero_shot_Human_Interaction_Generation_by_Controlling_Every_Joint.pdf
NEURIPS,NEURIPS_2024,InterDreamer_Zero_Shot_Text_to_3D_Dynamic_Human_Object_Interaction.pdf,33,ok,110628,43357,True,Acknowledgments,obsidian-vault/paperPDFs/NEURIPS_2024/InterDreamer_Zero_Shot_Text_to_3D_Dynamic_Human_Object_Interaction.pdf
NEURIPS,NEURIPS_2024,L4GM_Large_4D_Gaussian_Reconstruction_Model.pdf,23,ok,61301,32366,True,References,obsidian-vault/paperPDFs/NEURIPS_2024/L4GM_Large_4D_Gaussian_Reconstruction_Model.pdf
NEURIPS,NEURIPS_2024,Memorize_What_Matters_Emergent_Scene_Decomposition_from_Multitraversee.pdf,43,ok,90165,38483,True,Acknowledgement,obsidian-vault/paperPDFs/NEURIPS_2024/Memorize_What_Matters_Emergent_Scene_Decomposition_from_Multitraversee.pdf
NEURIPS,NEURIPS_2024,MoMu_Diffusion_On_Learning_Long_Term_Motion_Music_Synchronization_and_Correspondence.pdf,22,ok,61305,34705,True,Acknowledgments,obsidian-vault/paperPDFs/NEURIPS_2024/MoMu_Diffusion_On_Learning_Long_Term_Motion_Music_Synchronization_and_Correspondence.pdf
NEURIPS,NEURIPS_2024,MotionBooth_Motion_Aware_Customized_Text_to_Video_Generation.pdf,21,ok,74478,38887,True,References,obsidian-vault/paperPDFs/NEURIPS_2024/MotionBooth_Motion_Aware_Customized_Text_to_Video_Generation.pdf
NEURIPS,NEURIPS_2024,MotionGS_Exploring_Explicit_Motion_Guidance_for_Deformable_3D_Gaussian_Splatting.pdf,21,ok,64543,33840,True,References,obsidian-vault/paperPDFs/NEURIPS_2024/MotionGS_Exploring_Explicit_Motion_Guidance_for_Deformable_3D_Gaussian_Splatting.pdf
NEURIPS,NEURIPS_2024,OccFusion_Rendering_Occluded_Humans_with_Generative_Diffusion_Priors.pdf,26,ok,78225,32198,True,Acknowledgment,obsidian-vault/paperPDFs/NEURIPS_2024/OccFusion_Rendering_Occluded_Humans_with_Generative_Diffusion_Priors.pdf
NEURIPS,NEURIPS_2024,OmniGrasp_Grasping_Diverse_Objects_with_Simulated_Humanoids.pdf,18,ok,74912,42275,True,References,obsidian-vault/paperPDFs/NEURIPS_2024/OmniGrasp_Grasping_Diverse_Objects_with_Simulated_Humanoids.pdf
NEURIPS,NEURIPS_2024,PiMForce_Posture_Informed_Muscular_Force_Learning_for_Robust_Hand_Pressure_Estimation.pdf,43,ok,119189,38740,True,Bibliography,obsidian-vault/paperPDFs/NEURIPS_2024/PiMForce_Posture_Informed_Muscular_Force_Learning_for_Robust_Hand_Pressure_Estimation.pdf
NEURIPS,NEURIPS_2024,Pricing_and_Competition_for_Generative_AI.pdf,22,ok,76687,37823,True,References,obsidian-vault/paperPDFs/NEURIPS_2024/Pricing_and_Competition_for_Generative_AI.pdf
NEURIPS,NEURIPS_2024,ReVideo_Remake_a_Video_with_Motion_and_Content_Control.pdf,17,ok,50542,32532,True,References,obsidian-vault/paperPDFs/NEURIPS_2024/ReVideo_Remake_a_Video_with_Motion_and_Content_Control.pdf
NEURIPS,NEURIPS_2024,SCube_Instant_Large_Scale_Scene_Reconstruction_using_VoxSplats.pdf,22,ok,59987,34874,True,References,obsidian-vault/paperPDFs/NEURIPS_2024/SCube_Instant_Large_Scale_Scene_Reconstruction_using_VoxSplats.pdf
NEURIPS,NEURIPS_2024,StoryDiffusion.pdf,17,ok,49342,34879,True,ACKNOWLEDGMENTS,obsidian-vault/paperPDFs/NEURIPS_2024/StoryDiffusion.pdf
NEURIPS,NEURIPS_2024,Training_Data_Attribution_via_Approximate_Unrolled_Differentiation.pdf,44,ok,121636,53926,True,Acknowledgements,obsidian-vault/paperPDFs/NEURIPS_2024/Training_Data_Attribution_via_Approximate_Unrolled_Differentiation.pdf
NEURIPS,NEURIPS_2024,UniMTS_Unified_Pre_training_for_Motion_Time_Series.pdf,18,ok,100415,71398,True,Acknowledgement,obsidian-vault/paperPDFs/NEURIPS_2024/UniMTS_Unified_Pre_training_for_Motion_Time_Series.pdf
NEURIPS,NEURIPS_2024,Video_Diffusion_Models_are_Training_free_Motion_Interpreter_and_Controller.pdf,19,ok,48718,30381,True,References,obsidian-vault/paperPDFs/NEURIPS_2024/Video_Diffusion_Models_are_Training_free_Motion_Interpreter_and_Controller.pdf
NEURIPS,NEURIPS_2024,Zero_to_Hero_Enhancing_Zero_Shot_Novel_View_Synthesis_via_Attention_Map_Filtering.pdf,26,ok,72718,35528,True,Acknowledgments,obsidian-vault/paperPDFs/NEURIPS_2024/Zero_to_Hero_Enhancing_Zero_Shot_Novel_View_Synthesis_via_Attention_Map_Filtering.pdf
NEURIPS,NEURIPS_2025,Align_Your_Flow_Scaling_Continuous_Time_Flow_Map_Distillation.pdf,45,ok,116415,35467,True,References,obsidian-vault/paperPDFs/NEURIPS_2025/Align_Your_Flow_Scaling_Continuous_Time_Flow_Map_Distillation.pdf
NEURIPS,NEURIPS_2025,Cameras_as_Relative_Positional_Encoding.pdf,19,ok,58700,33807,True,References,obsidian-vault/paperPDFs/NEURIPS_2025/Cameras_as_Relative_Positional_Encoding.pdf
NEURIPS,NEURIPS_2025,Feed_Forward_Bullet_Time_Reconstruction_of_Dynamic_Scenes_from_Monocular_Videos.pdf,14,ok,51917,34479,True,References,obsidian-vault/paperPDFs/NEURIPS_2025/Feed_Forward_Bullet_Time_Reconstruction_of_Dynamic_Scenes_from_Monocular_Videos.pdf
NEURIPS,NEURIPS_2025,HHOI_Learning_to_Generate_Human_Human_Object_Interactions_from_Textual_Descriptions.pdf,23,ok,68460,33362,True,Acknowledgements,obsidian-vault/paperPDFs/NEURIPS_2025/HHOI_Learning_to_Generate_Human_Human_Object_Interactions_from_Textual_Descriptions.pdf
NEURIPS,NEURIPS_2025,HMVLM_Human_Motion_Vision_Lanuage_Model_via_MoE_LoRA.pdf,29,ok,89362,34240,True,Acknowledgment,obsidian-vault/paperPDFs/NEURIPS_2025/HMVLM_Human_Motion_Vision_Lanuage_Model_via_MoE_LoRA.pdf
NEURIPS,NEURIPS_2025,LuxDiT_Lighting_Estimation_with_Video_Diffusion_Transformer.pdf,25,ok,70741,33983,True,References,obsidian-vault/paperPDFs/NEURIPS_2025/LuxDiT_Lighting_Estimation_with_Video_Diffusion_Transformer.pdf
NEURIPS,NEURIPS_2025,MEGADance_Mixture_of_experts_architecture_for_genre_aware_3d_dance_generation.pdf,15,ok,51185,33360,True,References,obsidian-vault/paperPDFs/NEURIPS_2025/MEGADance_Mixture_of_experts_architecture_for_genre_aware_3d_dance_generation.pdf
NEURIPS,NEURIPS_2025,MOSPA_Human_Motion_Generation_Driven_by_Spatial_Audio.pdf,22,ok,66962,34383,True,Acknowledgements,obsidian-vault/paperPDFs/NEURIPS_2025/MOSPA_Human_Motion_Generation_Driven_by_Spatial_Audio.pdf
NEURIPS,NEURIPS_2025,Native_Segmentation_Vision_Transformers.pdf,21,ok,75711,38580,True,References,obsidian-vault/paperPDFs/NEURIPS_2025/Native_Segmentation_Vision_Transformers.pdf
NEURIPS,NEURIPS_2025,PyraMotion_Attentional_Pyramid-Structured_Motion_Integration_for_Co-Speech_3D_Gesture_Synthesis.pdf,16,ok,55736,37979,True,Acknowledgement,obsidian-vault/paperPDFs/NEURIPS_2025/PyraMotion_Attentional_Pyramid-Structured_Motion_Integration_for_Co-Speech_3D_Gesture_Synthesis.pdf
NEURIPS,NEURIPS_2025,SoPo_Text_to_Motion_Generation_Using_Semi_Online_Preference_Optimization.pdf,33,ok,107784,39280,True,Acknowledgements,obsidian-vault/paperPDFs/NEURIPS_2025/SoPo_Text_to_Motion_Generation_Using_Semi_Online_Preference_Optimization.pdf
NEURIPS,NEURIPS_2025,TransPhase_Deep_Compositional_Phase_Diffusion_for_Long_Motion_Sequence_Generation.pdf,15,ok,54610,38409,True,References,obsidian-vault/paperPDFs/NEURIPS_2025/TransPhase_Deep_Compositional_Phase_Diffusion_for_Long_Motion_Sequence_Generation.pdf
NEURIPS,NEURIPS_2025,UniRelight_Learning_Joint_Decomposition_and_Synthesis_for_Video_Relighting.pdf,18,ok,60124,34763,True,References,obsidian-vault/paperPDFs/NEURIPS_2025/UniRelight_Learning_Joint_Decomposition_and_Synthesis_for_Video_Relighting.pdf
NEURIPS,NEURIPS_2025,WaveAR_Wavelet-Aware_Continuous_Autoregressive_Diffusion_for_Accurate_Human_Motion_Prediction.pdf,25,ok,82430,37032,True,Acknowledgements,obsidian-vault/paperPDFs/NEURIPS_2025/WaveAR_Wavelet-Aware_Continuous_Autoregressive_Diffusion_for_Accurate_Human_Motion_Prediction.pdf
SIGGRAPH,SIGGRAPH_2022,ASE_Large_Scale_Reusable_Adversarial_Skill_Embeddings_for_Physically_Simulated_Characters.pdf,18,ok,106102,74057,True,ACKNOWLEDGMENTS,obsidian-vault/paperPDFs/SIGGRAPH_2022/ASE_Large_Scale_Reusable_Adversarial_Skill_Embeddings_for_Physically_Simulated_Characters.pdf
SIGGRAPH,SIGGRAPH_2022,Adjoint_Nonlinear_Ray_Tracing.pdf,13,ok,73763,64340,True,ACKNOWLEDGMENTS,obsidian-vault/paperPDFs/SIGGRAPH_2022/Adjoint_Nonlinear_Ray_Tracing.pdf
SIGGRAPH,SIGGRAPH_2022,Artemis_Articulated_Neural_Pets_With_Appearance_and_Motion_Synthesis.pdf,2,ok,4639,4639,False,,obsidian-vault/paperPDFs/SIGGRAPH_2022/Artemis_Articulated_Neural_Pets_With_Appearance_and_Motion_Synthesis.pdf
SIGGRAPH,SIGGRAPH_2022,As_locally_uniform_as_possible_Reshaping_of_Vector_Clip_Art.pdf,10,ok,58637,51067,True,ACKNOWLEDGMENTS,obsidian-vault/paperPDFs/SIGGRAPH_2022/As_locally_uniform_as_possible_Reshaping_of_Vector_Clip_Art.pdf
SIGGRAPH,SIGGRAPH_2022,Authentic_Volumetric_Avatars_From_a_Phone_Scan.pdf,12,ok,45632,35199,True,References,obsidian-vault/paperPDFs/SIGGRAPH_2022/Authentic_Volumetric_Avatars_From_a_Phone_Scan.pdf
SIGGRAPH,SIGGRAPH_2022,CLIP2StyleGAN_Unsupervised_Extraction_of_StyleGAN_Edit_Directions.pdf,17,ok,56782,32772,True,6. Acknowledgement,obsidian-vault/paperPDFs/SIGGRAPH_2022/CLIP2StyleGAN_Unsupervised_Extraction_of_StyleGAN_Edit_Directions.pdf
SIGGRAPH,SIGGRAPH_2022,Clustered_Vector_Textures.pdf,23,ok,74562,50129,True,ACKNOWLEDGMENTS,obsidian-vault/paperPDFs/SIGGRAPH_2022/Clustered_Vector_Textures.pdf
SIGGRAPH,SIGGRAPH_2022,DEF_Deep_Estimation_of_Sharp_Geometric_Features_in_3D_Shapes.pdf,29,ok,137803,94136,True,ACKNOWLEDGMENTS,obsidian-vault/paperPDFs/SIGGRAPH_2022/DEF_Deep_Estimation_of_Sharp_Geometric_Features_in_3D_Shapes.pdf
SIGGRAPH,SIGGRAPH_2022,Deep_Deformable_3D_Caricatures_With_Learned_Shape_Control.pdf,13,ok,60770,37954,True,ACKNOWLEDGMENTS,obsidian-vault/paperPDFs/SIGGRAPH_2022/Deep_Deformable_3D_Caricatures_With_Learned_Shape_Control.pdf
SIGGRAPH,SIGGRAPH_2022,Drivable_Volumetric_Avatars_Using_Texel_aligned_Features.pdf,10,ok,46047,34731,True,REFERENCES,obsidian-vault/paperPDFs/SIGGRAPH_2022/Drivable_Volumetric_Avatars_Using_Texel_aligned_Features.pdf
SIGGRAPH,SIGGRAPH_2022,EAMM_One_Shot_Emotional_Talking_Face_via_Audio_based_Emotion_Aware_Motion_Model.pdf,10,ok,55098,39508,True,ACKNOWLEDGMENTS,obsidian-vault/paperPDFs/SIGGRAPH_2022/EAMM_One_Shot_Emotional_Talking_Face_via_Audio_based_Emotion_Aware_Motion_Model.pdf
SIGGRAPH,SIGGRAPH_2022,EARS_Efficiency_aware_Russian_Roulette_and_Splitting.pdf,14,ok,75122,63478,True,ACKNOWLEDGMENTS,obsidian-vault/paperPDFs/SIGGRAPH_2022/EARS_Efficiency_aware_Russian_Roulette_and_Splitting.pdf
SIGGRAPH,SIGGRAPH_2022,Estimation_of_Yarn_level_Simulation_Models_for_Production_Fabrics.pdf,15,ok,84249,73165,True,ACKNOWLEDGMENTS,obsidian-vault/paperPDFs/SIGGRAPH_2022/Estimation_of_Yarn_level_Simulation_Models_for_Production_Fabrics.pdf
SIGGRAPH,SIGGRAPH_2022,Learning_to_Get_Up.pdf,14,ok,68756,43849,True,ACKNOWLEDGMENTS,obsidian-vault/paperPDFs/SIGGRAPH_2022/Learning_to_Get_Up.pdf
SIGGRAPH,SIGGRAPH_2022,MoRF_Morphable_Radiance_Fields_for_Multiview_Neural_Head_Modeling.pdf,9,ok,48315,39439,True,REFERENCES,obsidian-vault/paperPDFs/SIGGRAPH_2022/MoRF_Morphable_Radiance_Fields_for_Multiview_Neural_Head_Modeling.pdf
SIGGRAPH,SIGGRAPH_2022,Perceptual_Requirements_for_Eye_tracked_Distortion_Correction_in_VR.pdf,9,ok,22549,21815,True,REFERENCES,obsidian-vault/paperPDFs/SIGGRAPH_2022/Perceptual_Requirements_for_Eye_tracked_Distortion_Correction_in_VR.pdf
SIGGRAPH,SIGGRAPH_2022,Self_distilled_StyleGAN_Towards_Generation_From_Internet_Photos.pdf,11,ok,51904,39431,True,References,obsidian-vault/paperPDFs/SIGGRAPH_2022/Self_distilled_StyleGAN_Towards_Generation_From_Internet_Photos.pdf
SIGGRAPH,SIGGRAPH_2022,Towards_Practical_Physical_optics_Rendering.pdf,24,ok,139772,113660,True,REFERENCES,obsidian-vault/paperPDFs/SIGGRAPH_2022/Towards_Practical_Physical_optics_Rendering.pdf
SIGGRAPH,SIGGRAPH_2023,3D_Gaussian_Splatting_for_Real_time_Radiance_Field_Rendering.pdf,14,ok,78619,56179,True,ACKNOWLEDGMENTS,obsidian-vault/paperPDFs/SIGGRAPH_2023/3D_Gaussian_Splatting_for_Real_time_Radiance_Field_Rendering.pdf
SIGGRAPH,SIGGRAPH_2023,A_Fast_Geometric_Multigrid_Method_for_Curved_Surfaces.pdf,5,ok,17374,17374,False,,obsidian-vault/paperPDFs/SIGGRAPH_2023/A_Fast_Geometric_Multigrid_Method_for_Curved_Surfaces.pdf
SIGGRAPH,SIGGRAPH_2023,A_Practical_Walk_on_Boundary_Method_for_Boundary_Value_Problems.pdf,16,ok,83878,64504,True,ACKNOWLEDGMENTS,obsidian-vault/paperPDFs/SIGGRAPH_2023/A_Practical_Walk_on_Boundary_Method_for_Boundary_Value_Problems.pdf
SIGGRAPH,SIGGRAPH_2023,Algebraic_Smooth_Occluding_Contours.pdf,10,ok,49794,41849,True,REFERENCES,obsidian-vault/paperPDFs/SIGGRAPH_2023/Algebraic_Smooth_Occluding_Contours.pdf
SIGGRAPH,SIGGRAPH_2023,Contact_Edit_Artist_Tools_for_Intuitive_Modeling_of_Hand_object_Interactions.pdf,20,ok,91416,72603,True,ACKNOWLEDGMENTS,obsidian-vault/paperPDFs/SIGGRAPH_2023/Contact_Edit_Artist_Tools_for_Intuitive_Modeling_of_Hand_object_Interactions.pdf
SIGGRAPH,SIGGRAPH_2023,DOC_Differentiable_Optimal_Control_for_Retargeting_Motions_Onto_Legged_Robots.pdf,14,ok,77401,56873,True,ACKNOWLEDGMENTS,obsidian-vault/paperPDFs/SIGGRAPH_2023/DOC_Differentiable_Optimal_Control_for_Retargeting_Motions_Onto_Legged_Robots.pdf
SIGGRAPH,SIGGRAPH_2023,EgoLocate_Real_time_Motion_Capture_Localization_and_Mapping_With_Sparse_Body_mounted_Sensors.pdf,17,ok,92136,63461,True,ACKNOWLEDGMENTS,obsidian-vault/paperPDFs/SIGGRAPH_2023/EgoLocate_Real_time_Motion_Capture_Localization_and_Mapping_With_Sparse_Body_mounted_Sensors.pdf
SIGGRAPH,SIGGRAPH_2023,Materialistic_Selecting_Similar_Materials_in_Images.pdf,14,ok,76205,54421,True,ACKNOWLEDGMENTS,obsidian-vault/paperPDFs/SIGGRAPH_2023/Materialistic_Selecting_Similar_Materials_in_Images.pdf
SIGGRAPH,SIGGRAPH_2023,Mesh_Density_Adaptation_for_Template_based_Shape_Reconstruction.pdf,16,ok,58310,39007,True,ACKNOWLEDGMENTS,obsidian-vault/paperPDFs/SIGGRAPH_2023/Mesh_Density_Adaptation_for_Template_based_Shape_Reconstruction.pdf
SIGGRAPH,SIGGRAPH_2023,Parameter_space_ReSTIR_for_Differentiable_and_Inverse_Rendering.pdf,10,ok,48477,39229,True,ACKNOWLEDGMENTS,obsidian-vault/paperPDFs/SIGGRAPH_2023/Parameter_space_ReSTIR_for_Differentiable_and_Inverse_Rendering.pdf
SIGGRAPH,SIGGRAPH_2023,PoseVocab_Learning_Joint_structured_Pose_Embeddings_for_Human_Avatar_Modeling.pdf,12,ok,59699,38936,True,ACKNOWLEDGMENTS,obsidian-vault/paperPDFs/SIGGRAPH_2023/PoseVocab_Learning_Joint_structured_Pose_Embeddings_for_Human_Avatar_Modeling.pdf
SIGGRAPH,SIGGRAPH_2023,Shortest_Path_to_Boundary_for_Self_intersecting_Meshes.pdf,15,ok,72515,61725,True,ACKNOWLEDGMENTS,obsidian-vault/paperPDFs/SIGGRAPH_2023/Shortest_Path_to_Boundary_for_Self_intersecting_Meshes.pdf
SIGGRAPH,SIGGRAPH_2023,Simulation_aided_face_strain_extraction_for_ML_animation_systems.pdf,2,ok,11413,10514,True,ACKNOWLEDGMENTS,obsidian-vault/paperPDFs/SIGGRAPH_2023/Simulation_aided_face_strain_extraction_for_ML_animation_systems.pdf
SIGGRAPH,SIGGRAPH_2023,SpongeCake_A_Layered_Microflake_Surface_Appearance_Model.pdf,13,ok,5426,5426,False,,obsidian-vault/paperPDFs/SIGGRAPH_2023/SpongeCake_A_Layered_Microflake_Surface_Appearance_Model.pdf
SIGGRAPH,SIGGRAPH_2023,StyleAvatar_Real_time_Photo_realistic_Neural_Portrait_Avatar_From_a_Single_Video.pdf,10,ok,54810,35687,True,ACKNOWLEDGMENTS,obsidian-vault/paperPDFs/SIGGRAPH_2023/StyleAvatar_Real_time_Photo_realistic_Neural_Portrait_Avatar_From_a_Single_Video.pdf
SIGGRAPH,SIGGRAPH_2023,Symmetric_Volume_Maps_Order_invariant_Volumetric_Mesh_Correspondence_With_Free_Boundary.pdf,12,ok,61627,50743,True,REFERENCES,obsidian-vault/paperPDFs/SIGGRAPH_2023/Symmetric_Volume_Maps_Order_invariant_Volumetric_Mesh_Correspondence_With_Free_Boundary.pdf
SIGGRAPH,SIGGRAPH_2023,Synthesizing_Physical_Character_Scene_Interactions.pdf,11,ok,56690,37625,True,REFERENCES,obsidian-vault/paperPDFs/SIGGRAPH_2023/Synthesizing_Physical_Character_Scene_Interactions.pdf
SIGGRAPH,SIGGRAPH_2023,TextDeformer_Geometry_Manipulation_Using_Text_Guidance.pdf,9,ok,47286,37173,True,REFERENCES,obsidian-vault/paperPDFs/SIGGRAPH_2023/TextDeformer_Geometry_Manipulation_Using_Text_Guidance.pdf
SIGGRAPH,SIGGRAPH_2023,Variational_Quasi_harmonic_Maps_for_Computing_Diffeomorphisms.pdf,14,ok,53509,53509,False,,obsidian-vault/paperPDFs/SIGGRAPH_2023/Variational_Quasi_harmonic_Maps_for_Computing_Diffeomorphisms.pdf
SIGGRAPH,SIGGRAPH_2024,3Doodle_Compact_Abstraction_of_Objects_With_3D_Strokes.pdf,13,ok,62786,41015,True,ACKNOWLEDGMENTS,obsidian-vault/paperPDFs/SIGGRAPH_2024/3Doodle_Compact_Abstraction_of_Objects_With_3D_Strokes.pdf
SIGGRAPH,SIGGRAPH_2024,A_Differential_Monte_Carlo_Solver_for_the_Poisson_Equation.pdf,10,ok,41301,34093,True,ACKNOWLEDGMENTS,obsidian-vault/paperPDFs/SIGGRAPH_2024/A_Differential_Monte_Carlo_Solver_for_the_Poisson_Equation.pdf
SIGGRAPH,SIGGRAPH_2024,A_Heat_Method_for_Generalized_Signed_Distance.pdf,79,ok,250165,223460,True,References,obsidian-vault/paperPDFs/SIGGRAPH_2024/A_Heat_Method_for_Generalized_Signed_Distance.pdf
SIGGRAPH,SIGGRAPH_2024,DiffPoseTalk_Speech_Driven_Stylistic_3D_Facial_Animation_and_Head_Pose_Generation_via_Diffusion_Models.pdf,9,ok,48391,38859,True,REFERENCES,obsidian-vault/paperPDFs/SIGGRAPH_2024/DiffPoseTalk_Speech_Driven_Stylistic_3D_Facial_Animation_and_Head_Pose_Generation_via_Diffusion_Models.pdf
SIGGRAPH,SIGGRAPH_2024,PhysicsPingPong_Strategy_and_Skill_Learning_for_Physics_based_Table_Tennis_Animation.pdf,11,ok,56108,42410,True,ACKNOWLEDGMENTS,obsidian-vault/paperPDFs/SIGGRAPH_2024/PhysicsPingPong_Strategy_and_Skill_Learning_for_Physics_based_Table_Tennis_Animation.pdf
SIGGRAPH,SIGGRAPH_2024,RGB_X_Image_Decomposition_and_Synthesis_Using_Material_and_Lighting_aware_Diffusion_Models.pdf,18,ok,72886,45906,True,ACKNOWLEDGMENTS,obsidian-vault/paperPDFs/SIGGRAPH_2024/RGB_X_Image_Decomposition_and_Synthesis_Using_Material_and_Lighting_aware_Diffusion_Models.pdf
SIGGRAPH,SIGGRAPH_2024,Self_supervised_Video_Defocus_Deblurring_With_Atlas_Learning.pdf,10,ok,43767,34105,True,References,obsidian-vault/paperPDFs/SIGGRAPH_2024/Self_supervised_Video_Defocus_Deblurring_With_Atlas_Learning.pdf
SIGGRAPH,SIGGRAPH_2024,Specular_Polynomials.pdf,28,ok,124687,73743,True,References,obsidian-vault/paperPDFs/SIGGRAPH_2024/Specular_Polynomials.pdf
SIGGRAPH,SIGGRAPH_2024,TexSliders_Diffusion_based_Texture_Editing_in_CLIP_Space.pdf,11,ok,52105,40816,True,ACKNOWLEDGMENTS,obsidian-vault/paperPDFs/SIGGRAPH_2024/TexSliders_Diffusion_based_Texture_Editing_in_CLIP_Space.pdf
SIGGRAPH,SIGGRAPH_2024,ThemeStation_Generating_Theme_aware_3D_Assets_From_Few_Exemplars.pdf,13,ok,57295,38253,True,ACKNOWLEDGMENTS,obsidian-vault/paperPDFs/SIGGRAPH_2024/ThemeStation_Generating_Theme_aware_3D_Assets_From_Few_Exemplars.pdf
SIGGRAPH,SIGGRAPH_2025,3DGH_3D_Head_Generation_with_Composable_Hair_and_Face.pdf,12,ok,59445,45526,True,REFERENCES,obsidian-vault/paperPDFs/SIGGRAPH_2025/3DGH_3D_Head_Generation_with_Composable_Hair_and_Face.pdf
SIGGRAPH,SIGGRAPH_2025,Assessing_Learned_Models_for_Phase-only_Hologram_Compression.pdf,2,ok,10133,8614,True,REFERENCES,obsidian-vault/paperPDFs/SIGGRAPH_2025/Assessing_Learned_Models_for_Phase-only_Hologram_Compression.pdf
SIGGRAPH,SIGGRAPH_2025,BANG_Dividing_3D_Assets_via_Generative_Exploded_Dynamics.pdf,21,ok,118344,81506,True,ACKNOWLEDGMENTS,obsidian-vault/paperPDFs/SIGGRAPH_2025/BANG_Dividing_3D_Assets_via_Generative_Exploded_Dynamics.pdf
SIGGRAPH,SIGGRAPH_2025,Capsule_Efficient_Player_Isolation_for_Datacenters.pdf,10,ok,48920,19884,True,7. Acknowledgments,obsidian-vault/paperPDFs/SIGGRAPH_2025/Capsule_Efficient_Player_Isolation_for_Datacenters.pdf
SIGGRAPH,SIGGRAPH_2025,Chang_et_al_Large_Scale_Multi_Character_Interaction_Synthesis.pdf,12,ok,55822,36807,True,ACKNOWLEDGMENTS,obsidian-vault/paperPDFs/SIGGRAPH_2025/Chang_et_al_Large_Scale_Multi_Character_Interaction_Synthesis.pdf
SIGGRAPH,SIGGRAPH_2025,Diffusion_as_Shader_3D-aware_Video_Diffusion_for_Versatile_Video_Generation_Control.pdf,12,ok,57535,39240,True,REFERENCES,obsidian-vault/paperPDFs/SIGGRAPH_2025/Diffusion_as_Shader_3D-aware_Video_Diffusion_for_Versatile_Video_Generation_Control.pdf
SIGGRAPH,SIGGRAPH_2025,Diffusion_as_Shader_3D_aware_Video_Diffusion_for_Versatile_Video_Generation_Control.pdf,12,ok,57535,39240,True,REFERENCES,obsidian-vault/paperPDFs/SIGGRAPH_2025/Diffusion_as_Shader_3D_aware_Video_Diffusion_for_Versatile_Video_Generation_Control.pdf
SIGGRAPH,SIGGRAPH_2025,ELGAR_Expressive_Cello_Performance_Motion_Generation_for_Audio_Rendition.pdf,9,ok,50702,38237,True,Acknowledgments,obsidian-vault/paperPDFs/SIGGRAPH_2025/ELGAR_Expressive_Cello_Performance_Motion_Generation_for_Audio_Rendition.pdf
SIGGRAPH,SIGGRAPH_2025,Geometric_Contact_Potential.pdf,24,ok,126037,92024,True,ACKNOWLEDGMENTS,obsidian-vault/paperPDFs/SIGGRAPH_2025/Geometric_Contact_Potential.pdf
SIGGRAPH,SIGGRAPH_2025,HumanRAM_Feed-forward_Human_Reconstruction_and_Animation_Model_using_Transformers.pdf,13,ok,71939,36143,True,Acknowledgments,obsidian-vault/paperPDFs/SIGGRAPH_2025/HumanRAM_Feed-forward_Human_Reconstruction_and_Animation_Model_using_Transformers.pdf
SIGGRAPH,SIGGRAPH_2025,MGPBD_A_Multigrid_Accelerated_Global_XPBD_Solver.pdf,11,ok,49570,42317,True,ACKNOWLEDGMENTS,obsidian-vault/paperPDFs/SIGGRAPH_2025/MGPBD_A_Multigrid_Accelerated_Global_XPBD_Solver.pdf
SIGGRAPH,SIGGRAPH_2025,Multi_Person_Interaction_Generation_from_Two_Person_Motion_Priors.pdf,12,ok,60240,42198,True,References,obsidian-vault/paperPDFs/SIGGRAPH_2025/Multi_Person_Interaction_Generation_from_Two_Person_Motion_Priors.pdf
SIGGRAPH,SIGGRAPH_2025,PhysicsFC_Learning_User_Controlled_Skills_for_a_Physics_Based_Football_Player_Controller.pdf,21,ok,117491,85192,True,Acknowledgments,obsidian-vault/paperPDFs/SIGGRAPH_2025/PhysicsFC_Learning_User_Controlled_Skills_for_a_Physics_Based_Football_Player_Controller.pdf
