updated,candidate_id,source,sample_id,base_id,split,label,description,tags,suspect_frames,score,caption,motion_path,video_path,diagnostic_plot_path,role,limitations
2026-05-14T21:24:42,humanml3d::000990,humanml3d,000990,000990,all,unreviewed,,bad_shape,,100.0000,picture of a person standing on the floor with their legs slightly bent,/data/Life Me/ResearchWY Vault/linkedCodebases/datasets/HumanML3D/HumanML3D/new_joints/000990.npy,artifacts/humanml3d_gt_artifact_audit_20260513_geometry/videos/humanml3d/000990.mp4,artifacts/humanml3d_gt_artifact_audit_20260513_geometry/diagnostics/humanml3d/000990.png,human_diagnostic_label,Human visual diagnostic label for HumanML3D-family GT artifact audit; not a held-out final evaluator.
2026-05-14T21:25:32,humanml3d::005836,humanml3d,005836,005836,all,unreviewed,,bad_shape,,100.0000,a person stands still with their elbows up.,/data/Life Me/ResearchWY Vault/linkedCodebases/datasets/HumanML3D/HumanML3D/new_joints/005836.npy,artifacts/humanml3d_gt_artifact_audit_20260513_geometry/videos/humanml3d/005836.mp4,artifacts/humanml3d_gt_artifact_audit_20260513_geometry/diagnostics/humanml3d/005836.png,human_diagnostic_label,Human visual diagnostic label for HumanML3D-family GT artifact audit; not a held-out final evaluator.
2026-05-14T14:20:56,humanml3d::007766,humanml3d,007766,007766,all,unreviewed,,orientation_yaw_jump,25,36.1809,a person runs forward and falls to the ground.,/data/Life Me/ResearchWY Vault/linkedCodebases/datasets/HumanML3D/HumanML3D/new_joints/007766.npy,artifacts/humanml3d_gt_artifact_audit_20260513_geometry/videos/humanml3d/007766.mp4,artifacts/humanml3d_gt_artifact_audit_20260513_geometry/diagnostics/humanml3d/007766.png,human_diagnostic_label,Human visual diagnostic label for HumanML3D-family GT artifact audit; not a held-out final evaluator.
2026-05-14T14:20:43,humanml3d::010288,humanml3d,010288,010288,all,unreviewed,,frontback_velocity_sign_flip;orientation_yaw_jump;root_translation_jump,"44,88",63.3082,"a person runs on the spot, while rotating in a circle.",/data/Life Me/ResearchWY Vault/linkedCodebases/datasets/HumanML3D/HumanML3D/new_joints/010288.npy,artifacts/humanml3d_gt_artifact_audit_20260513_geometry/videos/humanml3d/010288.mp4,artifacts/humanml3d_gt_artifact_audit_20260513_geometry/diagnostics/humanml3d/010288.png,human_diagnostic_label,Human visual diagnostic label for HumanML3D-family GT artifact audit; not a held-out final evaluator.
2026-05-14T14:20:46,humanml3d::011401,humanml3d,011401,011401,all,unreviewed,,frontback_velocity_sign_flip;orientation_yaw_jump;root_translation_jump,1-2,62.0740,a figure rapidly spins then moves forward to the left,/data/Life Me/ResearchWY Vault/linkedCodebases/datasets/HumanML3D/HumanML3D/new_joints/011401.npy,artifacts/humanml3d_gt_artifact_audit_20260513_geometry/videos/humanml3d/011401.mp4,artifacts/humanml3d_gt_artifact_audit_20260513_geometry/diagnostics/humanml3d/011401.png,human_diagnostic_label,Human visual diagnostic label for HumanML3D-family GT artifact audit; not a held-out final evaluator.
2026-05-14T14:20:48,humanml3d::M002621,humanml3d,M002621,M002621,all,unreviewed,,orientation_yaw_jump;root_translation_jump,32,53.2838,person trots forward and then turns around,/data/Life Me/ResearchWY Vault/linkedCodebases/datasets/HumanML3D/HumanML3D/new_joints/M002621.npy,artifacts/humanml3d_gt_artifact_audit_20260513_geometry/videos/humanml3d/M002621.mp4,artifacts/humanml3d_gt_artifact_audit_20260513_geometry/diagnostics/humanml3d/M002621.png,human_diagnostic_label,Human visual diagnostic label for HumanML3D-family GT artifact audit; not a held-out final evaluator.
2026-05-14T14:21:00,humanml3d::M009070,humanml3d,M009070,M009070,all,unreviewed,,orientation_yaw_jump,38,36.2130,a person paces back and forward a few times before coming back to a stop.,/data/Life Me/ResearchWY Vault/linkedCodebases/datasets/HumanML3D/HumanML3D/new_joints/M009070.npy,artifacts/humanml3d_gt_artifact_audit_20260513_geometry/videos/humanml3d/M009070.mp4,artifacts/humanml3d_gt_artifact_audit_20260513_geometry/diagnostics/humanml3d/M009070.png,human_diagnostic_label,Human visual diagnostic label for HumanML3D-family GT artifact audit; not a held-out final evaluator.
2026-05-14T14:20:41,humanml3d::M010288,humanml3d,M010288,M010288,all,unreviewed,,frontback_velocity_sign_flip;orientation_yaw_jump;root_translation_jump,"44,88",63.3657,"a person runs on the spot, while rotating in a circle.",/data/Life Me/ResearchWY Vault/linkedCodebases/datasets/HumanML3D/HumanML3D/new_joints/M010288.npy,artifacts/humanml3d_gt_artifact_audit_20260513_geometry/videos/humanml3d/M010288.mp4,artifacts/humanml3d_gt_artifact_audit_20260513_geometry/diagnostics/humanml3d/M010288.png,human_diagnostic_label,Human visual diagnostic label for HumanML3D-family GT artifact audit; not a held-out final evaluator.
2026-05-14T14:23:17,humanml3d::M013705,humanml3d,M013705,M013705,all,unreviewed,,frontback_velocity_sign_flip;root_translation_jump,"100-101,104-105",35.0000,a man marches sideways towards the right with elbows bent and arms moving.,/data/Life Me/ResearchWY Vault/linkedCodebases/datasets/HumanML3D/HumanML3D/new_joints/M013705.npy,artifacts/humanml3d_gt_artifact_audit_20260513_geometry/videos/humanml3d/M013705.mp4,artifacts/humanml3d_gt_artifact_audit_20260513_geometry/diagnostics/humanml3d/M013705.png,human_diagnostic_label,Human visual diagnostic label for HumanML3D-family GT artifact audit; not a held-out final evaluator.
