status	setting	original_bytes	new_bytes	original_pages	new_pages	path	detail
replaced	ebook	224736677	3789856	19	19	obsidian-vault/paperPDFs/SIGGRAPH_2024/A_Heat_Method_for_Generalized_Signed_Distance.pdf	qpdf ok
replaced	ebook	210517761	1188567	12	12	obsidian-vault/paperPDFs/SIGGRAPH_ASIA_2025/Low_Rank_Adaptation_of_Neural_Fields.pdf	qpdf ok
replaced	ebook	214803999	1582914	14	14	obsidian-vault/paperPDFs/SIGGRAPH_2024/Learning_a_Generalized_Physical_Face_Model_From_Data.pdf	qpdf ok
replaced	ebook	192077726	1477401	14	14	obsidian-vault/paperPDFs/SIGGRAPH_ASIA_2023/OpenSVBRDF_A_Database_of_Measured_Spatially_Varying_Reflectance.pdf	qpdf ok
replaced	ebook	216508488	3187263	26	26	obsidian-vault/paperPDFs/SIGGRAPH_2025/Generative_detail_enhancement_for_physically_based_materials.pdf	qpdf ok
replaced	ebook	188484352	1668975	12	12	obsidian-vault/paperPDFs/SIGGRAPH_2025/Predicting_Fabric_Appearance_Through_Thread_Scattering_and_Inversion.pdf	qpdf ok
replaced	ebook	220756540	1870544	21	21	obsidian-vault/paperPDFs/SIGGRAPH_2025/Feature_Aligned_Parametrization_in_Penner_Coordinates.pdf	qpdf ok
replaced	screen	216729660	8355711	13	13	obsidian-vault/paperPDFs/SIGGRAPH_2024/Area_ReSTIR_Resampling_for_Real_time_Defocus_and_Antialiasing.pdf	qpdf ok
replaced	ebook	163624097	2277584	23	23	obsidian-vault/paperPDFs/SIGGRAPH_ASIA_2025/Acoustic_Reliefs.pdf	qpdf ok
replaced	ebook	184723686	1403436	19	19	obsidian-vault/paperPDFs/SIGGRAPH_ASIA_2023/Metric_Optimization_in_Penner_Coordinates.pdf	qpdf ok
replaced	ebook	235560795	1803294	12	12	obsidian-vault/paperPDFs/SIGGRAPH_ASIA_2024/Sharpening_and_Sparsifying_with_Surface_Hessians.pdf	qpdf ok
replaced	ebook	160809288	1752509	17	17	obsidian-vault/paperPDFs/SIGGRAPH_2023/Surface_Simplification_Using_Intrinsic_Error_Metrics.pdf	qpdf ok
replaced	ebook	164583411	2697994	19	19	obsidian-vault/paperPDFs/SIGGRAPH_2022/Authentic_Volumetric_Avatars_From_a_Phone_Scan.pdf	qpdf ok
replaced	ebook	174870435	1537879	17	17	obsidian-vault/paperPDFs/SIGGRAPH_ASIA_2023/C_shells_Deployable_Gridshells_with_Curved_Beams.pdf	qpdf ok
replaced	ebook	154688181	1986089	14	14	obsidian-vault/paperPDFs/SIGGRAPH_ASIA_2023/Projective_Sampling_for_Differentiable_Rendering_of_Geometry.pdf	qpdf ok
replaced	screen	161964481	2314104	12	12	obsidian-vault/paperPDFs/SIGGRAPH_ASIA_2023/Efficient_Hybrid_Zoom_using_Camera_Fusion_on_Mobile_Phones.pdf	qpdf ok
replaced	ebook	151804200	1204862	12	12	obsidian-vault/paperPDFs/SIGGRAPH_ASIA_2025/DynVFX_Augmenting_Real_Videos_with_Dynamic_Content.pdf	qpdf ok
replaced	ebook	156213448	4645240	13	13	obsidian-vault/paperPDFs/SIGGRAPH_2024/Smooth_Bijective_Projection_in_a_High_order_Shell.pdf	qpdf ok
replaced	ebook	149965757	581297	9	9	obsidian-vault/paperPDFs/SIGGRAPH_ASIA_2024/Robot_Motion_Diffusion_Model_Motion_Generation_for_Robotic_Characters.pdf	qpdf ok
replaced	ebook	161535809	3572347	17	17	obsidian-vault/paperPDFs/SIGGRAPH_2025/High_performance_CPU_Cloth_Simulation_Using_Domain_decomposed_Projective_Dynamics.pdf	qpdf ok
replaced	ebook	147730134	13524037	11	11	obsidian-vault/paperPDFs/SIGGRAPH_ASIA_2024/Hierarchical_Light_Sampling_with_Accurate_Spherical_Gaussian_Lighting.pdf	qpdf ok
replaced	ebook	146605864	1285307	12	12	obsidian-vault/paperPDFs/SIGGRAPH_ASIA_2024/Stochastic_Normal_Orientation_for_Point_Clouds.pdf	qpdf ok
replaced	ebook	151620159	5431857	18	18	obsidian-vault/paperPDFs/SIGGRAPH_2024/Computational_Homogenization_for_Inverse_Design_of_Surface_based_Inflatables.pdf	qpdf ok
replaced	ebook	161837830	2626475	25	25	obsidian-vault/paperPDFs/SIGGRAPH_ASIA_2025/Curvature_Enthusiasm_Correspondence_Free_Interpolation_and_Matching_of_Articulated_3D_Shapes_using_Compressed_Normal_Cycles.pdf	qpdf ok
replaced	ebook	145366449	1374740	19	19	obsidian-vault/paperPDFs/SIGGRAPH_ASIA_2024/Fast_and_Globally_Consistent_Normal_Orientation_based_on_the_Winding_Number_Normal_Consistency.pdf	qpdf ok
replaced	ebook	192363791	2914836	20	20	obsidian-vault/paperPDFs/SIGGRAPH_ASIA_2025/NURBS_Based_Grid_Shell_Form_finding_on_Domains_with_Topologically_Arbitrary_Boundaries.pdf	qpdf ok
replaced	ebook	234425415	4504581	22	22	obsidian-vault/paperPDFs/SIGGRAPH_2024/Universal_Facial_Encoding_of_Codec_Avatars_From_VR_Headsets.pdf	qpdf ok
replaced	ebook	151354180	3896133	17	17	obsidian-vault/paperPDFs/SIGGRAPH_ASIA_2024/Real_time_Large_scale_Deformation_of_Gaussian_Splatting.pdf	qpdf ok
replaced	ebook	143425337	2904842	15	15	obsidian-vault/paperPDFs/SIGGRAPH_2024/Solid_Knitting.pdf	qpdf ok
replaced	ebook	144165771	2693709	12	12	obsidian-vault/paperPDFs/SIGGRAPH_2024/Reach_for_the_Arcs_Reconstructing_Surfaces_From_SDFs_via_Tangent_Points.pdf	qpdf ok
replaced	ebook	144346871	1349837	16	16	obsidian-vault/paperPDFs/SIGGRAPH_2024/Curvature_driven_Conformal_Deformations.pdf	qpdf ok
replaced	ebook	171514807	2200640	18	18	obsidian-vault/paperPDFs/SIGGRAPH_ASIA_2022/High_Order_Directional_Fields.pdf	qpdf ok
