venue	paper_title	target_pdf_path	resolved_pdf_url	source_url
SIGGRAPH ASIA 2025	Learning Human Motion with Temporally Conditional Mamba	obsidian-vault/paperPDFs/SIGGRAPH_ASIA_2025/Learning_Human_Motion_with_Temporally_Conditional_Mamba.pdf	https://dl.acm.org/doi/pdf/10.1145/3757377.3763948	https://doi.org/10.1145/3757377.3763948
SIGGRAPH ASIA 2025	Curve-Based Slicer for Multi-Axis DLP 3D Printing	obsidian-vault/paperPDFs/SIGGRAPH_ASIA_2025/Curve_Based_Slicer_for_Multi_Axis_DLP_3D_Printing.pdf	https://dl.acm.org/doi/pdf/10.1145/3763352	https://doi.org/10.1145/3763352
SIGGRAPH ASIA 2025	INF-3DP: Implicit Neural Fields for Collision-Free Multi-Axis 3D Printing	obsidian-vault/paperPDFs/SIGGRAPH_ASIA_2025/INF_3DP_Implicit_Neural_Fields_for_Collision_Free_Multi_Axis_3D_Printing.pdf	https://dl.acm.org/doi/pdf/10.1145/3763354	https://doi.org/10.1145/3763354
SIGGRAPH ASIA 2025	Lightweight, Edge-Aware, and Temporally Consistent Supersampling for Mobile Real-Time Rendering	obsidian-vault/paperPDFs/SIGGRAPH_ASIA_2025/Lightweight_Edge_Aware_and_Temporally_Consistent_Supersampling_for_Mobile_Real_Time_Rendering.pdf	https://dl.acm.org/doi/pdf/10.1145/3763348	https://doi.org/10.1145/3763348
SIGGRAPH ASIA 2025	Consecutive Frame Extrapolation with Predictive Sparse Shading	obsidian-vault/paperPDFs/SIGGRAPH_ASIA_2025/Consecutive_Frame_Extrapolation_with_Predictive_Sparse_Shading.pdf	https://dl.acm.org/doi/pdf/10.1145/3763363	https://doi.org/10.1145/3763363
SIGGRAPH ASIA 2025	PatchEX: High-Quality Real-Time Temporal Supersampling through Patch-based Parallel Extrapolation	obsidian-vault/paperPDFs/SIGGRAPH_ASIA_2025/PatchEX_High_Quality_Real_Time_Temporal_Supersampling_through_Patch_based_Parallel_Extrapolation.pdf	https://dl.acm.org/doi/pdf/10.1145/3759247	https://doi.org/10.1145/3759247
SIGGRAPH ASIA 2025	LEGO-Maker: Autoregressive Image-Conditioned LEGO Model Creation	obsidian-vault/paperPDFs/SIGGRAPH_ASIA_2025/LEGO_Maker_Autoregressive_Image_Conditioned_LEGO_Model_Creation.pdf	https://dl.acm.org/doi/pdf/10.1145/3763285	https://doi.org/10.1145/3763285
SIGGRAPH ASIA 2025	Fabricable Discretized Ruled Surfaces	obsidian-vault/paperPDFs/SIGGRAPH_ASIA_2025/Fabricable_Discretized_Ruled_Surfaces.pdf	https://dl.acm.org/doi/pdf/10.1145/3734519	https://doi.org/10.1145/3734519
SIGGRAPH ASIA 2025	Generating the Past, Present and Future from a Motion-Blurred Image	obsidian-vault/paperPDFs/SIGGRAPH_ASIA_2025/Generating_the_Past_Present_and_Future_from_a_Motion_Blurred_Image.pdf	https://dl.acm.org/doi/pdf/10.1145/3763306	https://doi.org/10.1145/3763306
SIGGRAPH ASIA 2025	DSCombiner: Double Shrinkage for Combining Biased and Unbiased Monte Carlo Renderings	obsidian-vault/paperPDFs/SIGGRAPH_ASIA_2025/DSCombiner_Double_Shrinkage_for_Combining_Biased_and_Unbiased_Monte_Carlo_Renderings.pdf	https://dl.acm.org/doi/pdf/10.1145/3763315	https://doi.org/10.1145/3763315
SIGGRAPH ASIA 2025	Jackknife Transmittance and MIS Weight Estimation	obsidian-vault/paperPDFs/SIGGRAPH_ASIA_2025/Jackknife_Transmittance_and_MIS_Weight_Estimation.pdf	https://dl.acm.org/doi/pdf/10.1145/3763273	https://doi.org/10.1145/3763273
SIGGRAPH ASIA 2025	Imperfect Image-Space Control Variates for Monte Carlo Rendering	obsidian-vault/paperPDFs/SIGGRAPH_ASIA_2025/Imperfect_Image_Space_Control_Variates_for_Monte_Carlo_Rendering.pdf	https://dl.acm.org/doi/pdf/10.1145/3763335	https://doi.org/10.1145/3763335
SIGGRAPH ASIA 2025	SZ Sequences: Binary-Constructed $(0, 2^q)$-Sequences	obsidian-vault/paperPDFs/SIGGRAPH_ASIA_2025/SZ_Sequences_Binary_Constructed_0_2_q_Sequences.pdf	https://dl.acm.org/doi/pdf/10.1145/3763272	https://doi.org/10.1145/3763272
SIGGRAPH ASIA 2025	Automatic Sampling for Discontinuities in Differentiable Shaders	obsidian-vault/paperPDFs/SIGGRAPH_ASIA_2025/Automatic_Sampling_for_Discontinuities_in_Differentiable_Shaders.pdf	https://dl.acm.org/doi/pdf/10.1145/3763291	https://doi.org/10.1145/3763291
SIGGRAPH ASIA 2025	Many-Worlds Inverse Rendering	obsidian-vault/paperPDFs/SIGGRAPH_ASIA_2025/Many_Worlds_Inverse_Rendering.pdf	https://dl.acm.org/doi/pdf/10.1145/3767318	http://dx.doi.org/10.1145/3767318
SIGGRAPH ASIA 2025	Differentiable Light Transport with Gaussian Surfels via Adapted Radiosity for Efficient Relighting and Geometry Reconstruction	obsidian-vault/paperPDFs/SIGGRAPH_ASIA_2025/Differentiable_Light_Transport_with_Gaussian_Surfels_via_Adapted_Radiosity_for_Efficient_Relighting_and_Geometry_Reconstruction.pdf	https://dl.acm.org/doi/pdf/10.1145/3763305	https://doi.org/10.1145/3763305
SIGGRAPH ASIA 2025	Generalized Unbiased Reconstruction for Gradient-Domain Rendering	obsidian-vault/paperPDFs/SIGGRAPH_ASIA_2025/Generalized_Unbiased_Reconstruction_for_Gradient_Domain_Rendering.pdf	https://dl.acm.org/doi/pdf/10.1145/3763297	https://doi.org/10.1145/3763297
SIGGRAPH ASIA 2025	HRC-Net: Learning Visual Hypothesis, Representative, and Collaboration for Multi-Domain Image Inpainting	obsidian-vault/paperPDFs/SIGGRAPH_ASIA_2025/HRC_Net_Learning_Visual_Hypothesis_Representative_and_Collaboration_for_Multi_Domain_Image_Inpainting.pdf	https://dl.acm.org/doi/pdf/10.1145/3763337	https://doi.org/10.1145/3763337
SIGGRAPH ASIA 2025	Harnessing Diffusion-Yielded Score Priors for Image Restoration	obsidian-vault/paperPDFs/SIGGRAPH_ASIA_2025/Harnessing_Diffusion_Yielded_Score_Priors_for_Image_Restoration.pdf	https://dl.acm.org/doi/pdf/10.1145/3763346	https://doi.org/10.1145/3763346
SIGGRAPH ASIA 2025	Self-supervised Texture Filtering	obsidian-vault/paperPDFs/SIGGRAPH_ASIA_2025/Self_supervised_Texture_Filtering.pdf	https://dl.acm.org/doi/pdf/10.1145/3744899	https://doi.org/10.1145/3744899
SIGGRAPH ASIA 2025	Modeling and Exploiting the Time Course of Chromatic Adaptation for Display Power Optimizations in Virtual Reality	obsidian-vault/paperPDFs/SIGGRAPH_ASIA_2025/Modeling_and_Exploiting_the_Time_Course_of_Chromatic_Adaptation_for_Display_Power_Optimizations_in_Virtual_Reality.pdf	https://dl.acm.org/doi/pdf/10.1145/3763294	https://doi.org/10.1145/3763294
SIGGRAPH ASIA 2025	Glare Pattern Depiction: High-Fidelity Physical Computation and Physiologically-Inspired Visual Response	obsidian-vault/paperPDFs/SIGGRAPH_ASIA_2025/Glare_Pattern_Depiction_High_Fidelity_Physical_Computation_and_Physiologically_Inspired_Visual_Response.pdf	https://dl.acm.org/doi/pdf/10.1145/3763356	https://doi.org/10.1145/3763356
SIGGRAPH ASIA 2025	MILO: A Lightweight Perceptual Quality Metric for Image and Latent-Space Optimization	obsidian-vault/paperPDFs/SIGGRAPH_ASIA_2025/MILO_A_Lightweight_Perceptual_Quality_Metric_for_Image_and_Latent_Space_Optimization.pdf	https://dl.acm.org/doi/pdf/10.1145/3763340	https://doi.org/10.1145/3763340
SIGGRAPH ASIA 2025	WATER: Watertight Tessellation for Real-Time Pixel-Accurate Rendering of Large-Scale Surfaces	obsidian-vault/paperPDFs/SIGGRAPH_ASIA_2025/WATER_Watertight_Tessellation_for_Real_Time_Pixel_Accurate_Rendering_of_Large_Scale_Surfaces.pdf	https://dl.acm.org/doi/pdf/10.1145/3763317	https://doi.org/10.1145/3763317
SIGGRAPH ASIA 2025	Artifact-Resilient Real-Time Holography	obsidian-vault/paperPDFs/SIGGRAPH_ASIA_2025/Artifact_Resilient_Real_Time_Holography.pdf	https://dl.acm.org/doi/pdf/10.1145/3763361	https://doi.org/10.1145/3763361
SIGGRAPH ASIA 2025	Split4D: Decomposed 4D Scene Reconstruction Without Video Segmentation	obsidian-vault/paperPDFs/SIGGRAPH_ASIA_2025/Split4D_Decomposed_4D_Scene_Reconstruction_Without_Video_Segmentation.pdf	https://dl.acm.org/doi/pdf/10.1145/3763343	https://doi.org/10.1145/3763343
SIGGRAPH ASIA 2025	Numerical Homogenization of Sand from Grain-level Simulations	obsidian-vault/paperPDFs/SIGGRAPH_ASIA_2025/Numerical_Homogenization_of_Sand_from_Grain_level_Simulations.pdf	https://dl.acm.org/doi/pdf/10.1145/3763344	https://doi.org/10.1145/3763344
SIGGRAPH ASIA 2025	Shape-aware Inertial Poser: Motion Tracking for Humans with Diverse Shapes Using Sparse Inertial Sensors	obsidian-vault/paperPDFs/SIGGRAPH_ASIA_2025/Shape_aware_Inertial_Poser_Motion_Tracking_for_Humans_with_Diverse_Shapes_Using_Sparse_Inertial_Sensors.pdf	https://dl.acm.org/doi/pdf/10.1145/3763311	https://doi.org/10.1145/3763311
SIGGRAPH ASIA 2025	GarmageNet: A Multimodal Generative Framework for Sewing Pattern Design and Generic Garment Modeling	obsidian-vault/paperPDFs/SIGGRAPH_ASIA_2025/GarmageNet_A_Multimodal_Generative_Framework_for_Sewing_Pattern_Design_and_Generic_Garment_Modeling.pdf	https://dl.acm.org/doi/pdf/10.1145/3763271	https://doi.org/10.1145/3763271
SIGGRAPH ASIA 2025	Realistic Cloth Rendering with a Ray-Wave Hybrid Shading Model	obsidian-vault/paperPDFs/SIGGRAPH_ASIA_2025/Realistic_Cloth_Rendering_with_a_Ray_Wave_Hybrid_Shading_Model.pdf	https://dl.acm.org/doi/pdf/10.1145/3763359	https://kesen.realtimerendering.com/siga2025Papers.htm
SIGGRAPH ASIA 2025	BrepGPT: Autoregressive B-rep Generation with Voronoi Half-Patch	obsidian-vault/paperPDFs/SIGGRAPH_ASIA_2025/BrepGPT_Autoregressive_B_rep_Generation_with_Voronoi_Half_Patch.pdf	https://dl.acm.org/doi/pdf/10.1145/3763323	https://doi.org/10.1145/3763323
SIGGRAPH ASIA 2025	NURBS-Based Grid Shell Form finding on Domains with Topologically Arbitrary Boundaries	obsidian-vault/paperPDFs/SIGGRAPH_ASIA_2025/NURBS_Based_Grid_Shell_Form_finding_on_Domains_with_Topologically_Arbitrary_Boundaries.pdf	https://dl.acm.org/doi/pdf/10.1145/3763284	https://doi.org/10.1145/3763284
SIGGRAPH ASIA 2025	Overlap Region Extraction of Two NURBS Surfaces	obsidian-vault/paperPDFs/SIGGRAPH_ASIA_2025/Overlap_Region_Extraction_of_Two_NURBS_Surfaces.pdf	https://dl.acm.org/doi/pdf/10.1145/3763308	https://doi.org/10.1145/3763308
SIGGRAPH ASIA 2025	$G^2$ Interpolating Spline with Local Maximum Curvature	obsidian-vault/paperPDFs/SIGGRAPH_ASIA_2025/G_2_Interpolating_Spline_with_Local_Maximum_Curvature.pdf	https://dl.acm.org/doi/pdf/10.1145/3763316	https://doi.org/10.1145/3763316
SIGGRAPH ASIA 2025	Curvature Enthusiasm: Correspondence-Free Interpolation and Matching of Articulated 3D Shapes using Compressed Normal Cycles	obsidian-vault/paperPDFs/SIGGRAPH_ASIA_2025/Curvature_Enthusiasm_Correspondence_Free_Interpolation_and_Matching_of_Articulated_3D_Shapes_using_Compressed_Normal_Cycles.pdf	https://dl.acm.org/doi/pdf/10.1145/3763366	https://doi.org/10.1145/3763366
SIGGRAPH ASIA 2025	Environment-aware Motion Matching	obsidian-vault/paperPDFs/SIGGRAPH_ASIA_2025/Environment_aware_Motion_Matching.pdf	https://dl.acm.org/doi/pdf/10.1145/3763334	https://doi.org/10.1145/3763334
SIGGRAPH ASIA 2025	Learning to Ball: Composing Policies for Long-Horizon Basketball Moves	obsidian-vault/paperPDFs/SIGGRAPH_ASIA_2025/Learning_to_Ball_Composing_Policies_for_Long_Horizon_Basketball_Moves.pdf	https://dl.acm.org/doi/pdf/10.1145/3763367	https://doi.org/10.1145/3763367
SIGGRAPH ASIA 2025	Marching Neurons: Accurate Surface Extraction for Neural Implicit Shapes	obsidian-vault/paperPDFs/SIGGRAPH_ASIA_2025/Marching_Neurons_Accurate_Surface_Extraction_for_Neural_Implicit_Shapes.pdf	https://dl.acm.org/doi/pdf/10.1145/3763328	https://doi.org/10.1145/3763328
SIGGRAPH ASIA 2025	MILo: Mesh-In-the-Loop Gaussian Splatting for Detailed and Efficient Surface Reconstruction	obsidian-vault/paperPDFs/SIGGRAPH_ASIA_2025/MILo_Mesh_In_the_Loop_Gaussian_Splatting_for_Detailed_and_Efficient_Surface_Reconstruction.pdf	https://dl.acm.org/doi/pdf/10.1145/3763339	https://doi.org/10.1145/3763339
SIGGRAPH ASIA 2025	KISSColor: Kinetic and Intuitive Stroke Stretching for Vector Drawing Colorization	obsidian-vault/paperPDFs/SIGGRAPH_ASIA_2025/KISSColor_Kinetic_and_Intuitive_Stroke_Stretching_for_Vector_Drawing_Colorization.pdf	https://dl.acm.org/doi/pdf/10.1145/3763307	https://doi.org/10.1145/3763307
SIGGRAPH ASIA 2025	Neural Image abstraction using long smoothing B-splines	obsidian-vault/paperPDFs/SIGGRAPH_ASIA_2025/Neural_Image_abstraction_using_long_smoothing_B_splines.pdf	https://dl.acm.org/doi/pdf/10.1145/3763345	https://doi.org/10.1145/3763345
SIGGRAPH ASIA 2025	MALeR: Improving Compositional Fidelity in Layout-Guided Generation	obsidian-vault/paperPDFs/SIGGRAPH_ASIA_2025/MALeR_Improving_Compositional_Fidelity_in_Layout_Guided_Generation.pdf	https://dl.acm.org/doi/pdf/10.1145/3763341	https://doi.org/10.1145/3763341
SIGGRAPH ASIA 2025	One String to Pull Them All: Fast Assembly of Curved Structures from Flat Auxetic Linkages	obsidian-vault/paperPDFs/SIGGRAPH_ASIA_2025/One_String_to_Pull_Them_All_Fast_Assembly_of_Curved_Structures_from_Flat_Auxetic_Linkages.pdf	https://dl.acm.org/doi/pdf/10.1145/3763357	https://doi.org/10.1145/3763357
SIGGRAPH ASIA 2025	Snapping Deployable Toroids for Modular Gridshells	obsidian-vault/paperPDFs/SIGGRAPH_ASIA_2025/Snapping_Deployable_Toroids_for_Modular_Gridshells.pdf	https://dl.acm.org/doi/pdf/10.1145/3763808	https://doi.org/10.1145/3763808
SIGGRAPH ASIA 2025	Auto Hair Card Extraction for Smooth Hair with Differentiable Rendering	obsidian-vault/paperPDFs/SIGGRAPH_ASIA_2025/Auto_Hair_Card_Extraction_for_Smooth_Hair_with_Differentiable_Rendering.pdf	https://dl.acm.org/doi/pdf/10.1145/3763295	https://doi.org/10.1145/3763295
SIGGRAPH ASIA 2025	Shaping Strands with Neural Style Transfer	obsidian-vault/paperPDFs/SIGGRAPH_ASIA_2025/Shaping_Strands_with_Neural_Style_Transfer.pdf	https://dl.acm.org/doi/pdf/10.1145/3763365	https://doi.org/10.1145/3763365
SIGGRAPH ASIA 2025	Computational Modeling and Design of Capacitive Stretch Sensors	obsidian-vault/paperPDFs/SIGGRAPH_ASIA_2025/Computational_Modeling_and_Design_of_Capacitive_Stretch_Sensors.pdf	https://dl.acm.org/doi/pdf/10.1145/3763274	https://doi.org/10.1145/3763274
SIGGRAPH ASIA 2025	Designing and Fabricating Color BRDFs with Differentiable Wave Optics	obsidian-vault/paperPDFs/SIGGRAPH_ASIA_2025/Designing_and_Fabricating_Color_BRDFs_with_Differentiable_Wave_Optics.pdf	https://dl.acm.org/doi/pdf/10.1145/3763275	https://doi.org/10.1145/3763275
SIGGRAPH ASIA 2025	Acoustic Reliefs	obsidian-vault/paperPDFs/SIGGRAPH_ASIA_2025/Acoustic_Reliefs.pdf	https://dl.acm.org/doi/pdf/10.1145/3763287	https://doi.org/10.1145/3763287
SIGGRAPH ASIA 2025	Large-Area Fabrication-Aware Computational Diffractive Optics	obsidian-vault/paperPDFs/SIGGRAPH_ASIA_2025/Large_Area_Fabrication_Aware_Computational_Diffractive_Optics.pdf	https://dl.acm.org/doi/pdf/10.1145/3763358	https://doi.org/10.1145/3763358
SIGGRAPH ASIA 2025	SS4D: Native 4D Generative Model via Structured Spacetime Latents	obsidian-vault/paperPDFs/SIGGRAPH_ASIA_2025/SS4D_Native_4D_Generative_Model_via_Structured_Spacetime_Latents.pdf	https://dl.acm.org/doi/pdf/10.1145/3763302	https://doi.org/10.1145/3763302
SIGGRAPH ASIA 2025	Voyager: Long-Range and World-Consistent Video Diffusion for Explorable 3D Scene Generation	obsidian-vault/paperPDFs/SIGGRAPH_ASIA_2025/Voyager_Long_Range_and_World_Consistent_Video_Diffusion_for_Explorable_3D_Scene_Generation.pdf	https://dl.acm.org/doi/pdf/10.1145/3763330	https://doi.org/10.1145/3763330
SIGGRAPH ASIA 2025	Detail Enhanced Gaussian Splatting for Large-Scale Volumetric Capture	obsidian-vault/paperPDFs/SIGGRAPH_ASIA_2025/Detail_Enhanced_Gaussian_Splatting_for_Large_Scale_Volumetric_Capture.pdf	https://dl.acm.org/doi/pdf/10.1145/3763336	https://doi.org/10.1145/3763336
SIGGRAPH ASIA 2025	Jump Restore Light Transport	obsidian-vault/paperPDFs/SIGGRAPH_ASIA_2025/Jump_Restore_Light_Transport.pdf	https://dl.acm.org/doi/pdf/10.1145/3763286	https://doi.org/10.1145/3763286
SIGGRAPH ASIA 2025	Gaussian Integral Linear Operators for Precomputed Graphics	obsidian-vault/paperPDFs/SIGGRAPH_ASIA_2025/Gaussian_Integral_Linear_Operators_for_Precomputed_Graphics.pdf	https://dl.acm.org/doi/pdf/10.1145/3763321	https://doi.org/10.1145/3763321
SIGGRAPH ASIA 2025	BSP-OT: Sparse transport plans between discrete measures in loglinear time	obsidian-vault/paperPDFs/SIGGRAPH_ASIA_2025/BSP_OT_Sparse_transport_plans_between_discrete_measures_in_loglinear_time.pdf	https://dl.acm.org/doi/pdf/10.1145/3763281	https://doi.org/10.1145/3763281
SIGGRAPH ASIA 2025	CrossGen: Learning and Generating Cross Fields for Quad Meshing	obsidian-vault/paperPDFs/SIGGRAPH_ASIA_2025/CrossGen_Learning_and_Generating_Cross_Fields_for_Quad_Meshing.pdf	https://dl.acm.org/doi/pdf/10.1145/3763299	https://doi.org/10.1145/3763299
SIGGRAPH ASIA 2025	Sums of Wedges: Conforming Weighted Delaunay Triangulations are Polynomial in Fixed Dimension	obsidian-vault/paperPDFs/SIGGRAPH_ASIA_2025/Sums_of_Wedges_Conforming_Weighted_Delaunay_Triangulations_are_Polynomial_in_Fixed_Dimension.pdf	https://dl.acm.org/doi/pdf/10.1145/3763368	https://doi.org/10.1145/3763368
SIGGRAPH ASIA 2025	Lifted Surfacing of Generalized Sweep Volumes	obsidian-vault/paperPDFs/SIGGRAPH_ASIA_2025/Lifted_Surfacing_of_Generalized_Sweep_Volumes.pdf	https://dl.acm.org/doi/pdf/10.1145/3763360	https://doi.org/10.1145/3763360
SIGGRAPH ASIA 2025	RemixFusion: Residual-based Mixed Representation for Large-scale Online RGB-D Reconstruction	obsidian-vault/paperPDFs/SIGGRAPH_ASIA_2025/RemixFusion_Residual_based_Mixed_Representation_for_Large_scale_Online_RGB_D_Reconstruction.pdf	https://dl.acm.org/doi/pdf/10.1145/3769007	https://doi.org/10.1145/3769007
SIGGRAPH ASIA 2025	Convection Augmented Gauss Reconstruction for Unoriented Point Clouds	obsidian-vault/paperPDFs/SIGGRAPH_ASIA_2025/Convection_Augmented_Gauss_Reconstruction_for_Unoriented_Point_Clouds.pdf	https://dl.acm.org/doi/pdf/10.1145/3750723	https://doi.org/10.1145/3750723
SIGGRAPH ASIA 2025	From Rigging to Waving: 3D-Guided Diffusion for Natural Animation of Hand-Drawn Characters	obsidian-vault/paperPDFs/SIGGRAPH_ASIA_2025/From_Rigging_to_Waving_3D_Guided_Diffusion_for_Natural_Animation_of_Hand_Drawn_Characters.pdf	https://dl.acm.org/doi/pdf/10.1145/3763280	https://doi.org/10.1145/3763280
SIGGRAPH ASIA 2025	Evaluating and Sampling Glinty NDFs in Constant Time	obsidian-vault/paperPDFs/SIGGRAPH_ASIA_2025/Evaluating_and_Sampling_Glinty_NDFs_in_Constant_Time.pdf	https://dl.acm.org/doi/pdf/10.1145/3763282	https://doi.org/10.1145/3763282
SIGGRAPH ASIA 2025	AnySplat: Feed-forward 3D Gaussian Splatting from Unconstrained Views	obsidian-vault/paperPDFs/SIGGRAPH_ASIA_2025/AnySplat_Feed_forward_3D_Gaussian_Splatting_from_Unconstrained_Views.pdf	https://dl.acm.org/doi/pdf/10.1145/3763326	https://doi.org/10.1145/3763326
SIGGRAPH ASIA 2025	Fovea Stacking: Imaging with Dynamic Localized Aberration Correction	obsidian-vault/paperPDFs/SIGGRAPH_ASIA_2025/Fovea_Stacking_Imaging_with_Dynamic_Localized_Aberration_Correction.pdf	https://dl.acm.org/doi/pdf/10.1145/3763278	https://doi.org/10.1145/3763278
SIGGRAPH ASIA 2025	Underwater Optical Backscatter Communications using Acousto-Optic Beam Steering	obsidian-vault/paperPDFs/SIGGRAPH_ASIA_2025/Underwater_Optical_Backscatter_Communications_using_Acousto_Optic_Beam_Steering.pdf	https://dl.acm.org/doi/pdf/10.1145/3763289	https://doi.org/10.1145/3763289
SIGGRAPH ASIA 2025	Imaginarium: Vision-guided High-Quality 3D Scene Layout Generation	obsidian-vault/paperPDFs/SIGGRAPH_ASIA_2025/Imaginarium_Vision_guided_High_Quality_3D_Scene_Layout_Generation.pdf	https://dl.acm.org/doi/pdf/10.1145/3763353	https://doi.org/10.1145/3763353
SIGGRAPH ASIA 2025	Motion2Motion: Cross-topology Motion Retargeting with Sparse Correspondence	obsidian-vault/paperPDFs/SIGGRAPH_ASIA_2025/Motion2Motion_Cross_topology_Motion_Retargeting_with_Sparse_Correspondence.pdf	https://dl.acm.org/doi/pdf/10.1145/3757377.3763811	https://doi.org/10.1145/3757377.3763811
SIGGRAPH ASIA 2025	Ultrafast and Controllable Online Motion Retargeting for Game Scenarios	obsidian-vault/paperPDFs/SIGGRAPH_ASIA_2025/Ultrafast_and_Controllable_Online_Motion_Retargeting_for_Game_Scenarios.pdf	https://dl.acm.org/doi/pdf/10.1145/3763351	https://doi.org/10.1145/3763351
SIGGRAPH ASIA 2025	SMF: Template-free and Rig-free Animation Transfer using Kinetic Codes	obsidian-vault/paperPDFs/SIGGRAPH_ASIA_2025/SMF_Template_free_and_Rig_free_Animation_Transfer_using_Kinetic_Codes.pdf	https://dl.acm.org/doi/pdf/10.1145/3763309	https://doi.org/10.1145/3763309
SIGGRAPH ASIA 2025	The Granule-In-Cell Method for Simulating Sand-Water Mixtures	obsidian-vault/paperPDFs/SIGGRAPH_ASIA_2025/The_Granule_In_Cell_Method_for_Simulating_Sand_Water_Mixtures.pdf	https://dl.acm.org/doi/pdf/10.1145/3763279	https://doi.org/10.1145/3763279
SIGGRAPH ASIA 2025	Kinetic Free-Surface Flows and Foams with Sharp Interfaces	obsidian-vault/paperPDFs/SIGGRAPH_ASIA_2025/Kinetic_Free_Surface_Flows_and_Foams_with_Sharp_Interfaces.pdf	https://dl.acm.org/doi/pdf/10.1145/3763288	https://doi.org/10.1145/3763288
SIGGRAPH ASIA 2025	Implicit Incompressible Porous Flow using SPH	obsidian-vault/paperPDFs/SIGGRAPH_ASIA_2025/Implicit_Incompressible_Porous_Flow_using_SPH.pdf	https://dl.acm.org/doi/pdf/10.1145/3763325	https://doi.org/10.1145/3763325
SIGGRAPH ASIA 2025	Fire-X: Extinguishing Fire with Stoichiometric Heat Release	obsidian-vault/paperPDFs/SIGGRAPH_ASIA_2025/Fire_X_Extinguishing_Fire_with_Stoichiometric_Heat_Release.pdf	https://dl.acm.org/doi/pdf/10.1145/3763338	https://doi.org/10.1145/3763338
SIGGRAPH ASIA 2025	Wavelet Fluids	obsidian-vault/paperPDFs/SIGGRAPH_ASIA_2025/Wavelet_Fluids.pdf	https://dl.acm.org/doi/pdf/10.1145/3763364	https://doi.org/10.1145/3763364
SIGGRAPH ASIA 2025	Sparse SVBRDF Acquisition via Importance-Aware Illumination Multiplexing	obsidian-vault/paperPDFs/SIGGRAPH_ASIA_2025/Sparse_SVBRDF_Acquisition_via_Importance_Aware_Illumination_Multiplexing.pdf	https://dl.acm.org/doi/pdf/10.1145/3763324	https://doi.org/10.1145/3763324
SIGGRAPH ASIA 2025	ConsiStyle: Style Diversity in Training-Free Consistent T2I Generation	obsidian-vault/paperPDFs/SIGGRAPH_ASIA_2025/ConsiStyle_Style_Diversity_in_Training_Free_Consistent_T2I_Generation.pdf	https://dl.acm.org/doi/pdf/10.1145/3763303	https://doi.org/10.1145/3763303
SIGGRAPH ASIA 2025	PractiLight: Practical Light Control Using Foundational Diffusion Models	obsidian-vault/paperPDFs/SIGGRAPH_ASIA_2025/PractiLight_Practical_Light_Control_Using_Foundational_Diffusion_Models.pdf	https://dl.acm.org/doi/pdf/10.1145/3763342	https://doi.org/10.1145/3763342
SIGGRAPH ASIA 2025	Magic Fixup: Streamlining Photo Editing by Watching Dynamic Videos	obsidian-vault/paperPDFs/SIGGRAPH_ASIA_2025/Magic_Fixup_Streamlining_Photo_Editing_by_Watching_Dynamic_Videos.pdf	https://dl.acm.org/doi/pdf/10.1145/3750722	https://doi.org/10.1145/3750722
SIGGRAPH ASIA 2025	B4M: Breaking Low-Rank Adapter for Making Content-Style Customization	obsidian-vault/paperPDFs/SIGGRAPH_ASIA_2025/B4M_Breaking_Low_Rank_Adapter_for_Making_Content_Style_Customization.pdf	https://dl.acm.org/doi/pdf/10.1145/3728461	https://doi.org/10.1145/3728461
SIGGRAPH ASIA 2025	JumpingGS: Level-jump 3D Gaussian Representation for Delicate Textures in Aerial Large-scale Scene Rendering	obsidian-vault/paperPDFs/SIGGRAPH_ASIA_2025/JumpingGS_Level_jump_3D_Gaussian_Representation_for_Delicate_Textures_in_Aerial_Large_scale_Scene_Rendering.pdf	https://dl.acm.org/doi/pdf/10.1145/3763347	https://doi.org/10.1145/3763347
SIGGRAPH ASIA 2025	One-shot Embroidery Customization via Contrastive LoRA Modulation	obsidian-vault/paperPDFs/SIGGRAPH_ASIA_2025/One_shot_Embroidery_Customization_via_Contrastive_LoRA_Modulation.pdf	https://dl.acm.org/doi/pdf/10.1145/3763290	https://doi.org/10.1145/3763290
SIGGRAPH ASIA 2025	RL-ACD: Reinforcement Learning-based Approximate Convex Decomposition	obsidian-vault/paperPDFs/SIGGRAPH_ASIA_2025/RL_ACD_Reinforcement_Learning_based_Approximate_Convex_Decomposition.pdf	https://dl.acm.org/doi/pdf/10.1145/3763270	https://doi.org/10.1145/3763270
SIGGRAPH ASIA 2025	Aerial Path Planning for Urban Geometry and Texture Co-Capture	obsidian-vault/paperPDFs/SIGGRAPH_ASIA_2025/Aerial_Path_Planning_for_Urban_Geometry_and_Texture_Co_Capture.pdf	https://dl.acm.org/doi/pdf/10.1145/3763292	https://doi.org/10.1145/3763292
SIGGRAPH ASIA 2025	Direct Rendering of Intrinsic Triangulations	obsidian-vault/paperPDFs/SIGGRAPH_ASIA_2025/Direct_Rendering_of_Intrinsic_Triangulations.pdf	https://dl.acm.org/doi/pdf/10.1145/3716314	https://doi.org/10.1145/3716314
SIGGRAPH ASIA 2025	NESI: Neural Explicit-Shape-Intersection-Based Geometry Representation	obsidian-vault/paperPDFs/SIGGRAPH_ASIA_2025/NESI_Neural_Explicit_Shape_Intersection_Based_Geometry_Representation.pdf	https://dl.acm.org/doi/pdf/10.1145/3742893	https://doi.org/10.1145/3742893
