batch_id,root_id,subtopic_id,subtopic_label,paper_count,manifest_path
iclr26_benchmarks_datasets_evaluation__benchmark_eval__b001,benchmarks_datasets_evaluation,benchmark_eval,Benchmarks & Evaluation,25,_private/topic_priority/subtopic_batches/batches/iclr26_benchmarks_datasets_evaluation__benchmark_eval__b001.jsonl
iclr26_benchmarks_datasets_evaluation__benchmark_eval__b002,benchmarks_datasets_evaluation,benchmark_eval,Benchmarks & Evaluation,25,_private/topic_priority/subtopic_batches/batches/iclr26_benchmarks_datasets_evaluation__benchmark_eval__b002.jsonl
iclr26_benchmarks_datasets_evaluation__benchmark_eval__b003,benchmarks_datasets_evaluation,benchmark_eval,Benchmarks & Evaluation,12,_private/topic_priority/subtopic_batches/batches/iclr26_benchmarks_datasets_evaluation__benchmark_eval__b003.jsonl
iclr26_benchmarks_datasets_evaluation__datasets__b001,benchmarks_datasets_evaluation,datasets,Datasets,11,_private/topic_priority/subtopic_batches/batches/iclr26_benchmarks_datasets_evaluation__datasets__b001.jsonl
iclr26_benchmarks_datasets_evaluation__synthesis_annotation__b001,benchmarks_datasets_evaluation,synthesis_annotation,Data Synthesis & Annotation,1,_private/topic_priority/subtopic_batches/batches/iclr26_benchmarks_datasets_evaluation__synthesis_annotation__b001.jsonl
iclr26_generative_models_diffusion__algorithms__b001,generative_models_diffusion,algorithms,Algorithms,25,_private/topic_priority/subtopic_batches/batches/iclr26_generative_models_diffusion__algorithms__b001.jsonl
iclr26_generative_models_diffusion__algorithms__b002,generative_models_diffusion,algorithms,Algorithms,25,_private/topic_priority/subtopic_batches/batches/iclr26_generative_models_diffusion__algorithms__b002.jsonl
iclr26_generative_models_diffusion__algorithms__b003,generative_models_diffusion,algorithms,Algorithms,25,_private/topic_priority/subtopic_batches/batches/iclr26_generative_models_diffusion__algorithms__b003.jsonl
iclr26_generative_models_diffusion__algorithms__b004,generative_models_diffusion,algorithms,Algorithms,25,_private/topic_priority/subtopic_batches/batches/iclr26_generative_models_diffusion__algorithms__b004.jsonl
iclr26_generative_models_diffusion__algorithms__b005,generative_models_diffusion,algorithms,Algorithms,25,_private/topic_priority/subtopic_batches/batches/iclr26_generative_models_diffusion__algorithms__b005.jsonl
iclr26_generative_models_diffusion__algorithms__b006,generative_models_diffusion,algorithms,Algorithms,25,_private/topic_priority/subtopic_batches/batches/iclr26_generative_models_diffusion__algorithms__b006.jsonl
iclr26_generative_models_diffusion__attention_mechanisms__b001,generative_models_diffusion,attention_mechanisms,Attention Mechanisms,25,_private/topic_priority/subtopic_batches/batches/iclr26_generative_models_diffusion__attention_mechanisms__b001.jsonl
iclr26_generative_models_diffusion__attention_mechanisms__b002,generative_models_diffusion,attention_mechanisms,Attention Mechanisms,25,_private/topic_priority/subtopic_batches/batches/iclr26_generative_models_diffusion__attention_mechanisms__b002.jsonl
iclr26_generative_models_diffusion__attention_mechanisms__b003,generative_models_diffusion,attention_mechanisms,Attention Mechanisms,25,_private/topic_priority/subtopic_batches/batches/iclr26_generative_models_diffusion__attention_mechanisms__b003.jsonl
iclr26_generative_models_diffusion__attention_mechanisms__b004,generative_models_diffusion,attention_mechanisms,Attention Mechanisms,3,_private/topic_priority/subtopic_batches/batches/iclr26_generative_models_diffusion__attention_mechanisms__b004.jsonl
iclr26_generative_models_diffusion__diffusion_image_video__b001,generative_models_diffusion,diffusion_image_video,Diffusion for Image / Video Generation,25,_private/topic_priority/subtopic_batches/batches/iclr26_generative_models_diffusion__diffusion_image_video__b001.jsonl
iclr26_generative_models_diffusion__diffusion_image_video__b002,generative_models_diffusion,diffusion_image_video,Diffusion for Image / Video Generation,25,_private/topic_priority/subtopic_batches/batches/iclr26_generative_models_diffusion__diffusion_image_video__b002.jsonl
iclr26_generative_models_diffusion__diffusion_image_video__b003,generative_models_diffusion,diffusion_image_video,Diffusion for Image / Video Generation,25,_private/topic_priority/subtopic_batches/batches/iclr26_generative_models_diffusion__diffusion_image_video__b003.jsonl
iclr26_generative_models_diffusion__diffusion_image_video__b004,generative_models_diffusion,diffusion_image_video,Diffusion for Image / Video Generation,25,_private/topic_priority/subtopic_batches/batches/iclr26_generative_models_diffusion__diffusion_image_video__b004.jsonl
iclr26_generative_models_diffusion__diffusion_image_video__b005,generative_models_diffusion,diffusion_image_video,Diffusion for Image / Video Generation,25,_private/topic_priority/subtopic_batches/batches/iclr26_generative_models_diffusion__diffusion_image_video__b005.jsonl
iclr26_generative_models_diffusion__diffusion_image_video__b006,generative_models_diffusion,diffusion_image_video,Diffusion for Image / Video Generation,25,_private/topic_priority/subtopic_batches/batches/iclr26_generative_models_diffusion__diffusion_image_video__b006.jsonl
iclr26_generative_models_diffusion__diffusion_image_video__b007,generative_models_diffusion,diffusion_image_video,Diffusion for Image / Video Generation,8,_private/topic_priority/subtopic_batches/batches/iclr26_generative_models_diffusion__diffusion_image_video__b007.jsonl
iclr26_generative_models_diffusion__flow_matching__b001,generative_models_diffusion,flow_matching,Flow Matching & Rectified Flow,4,_private/topic_priority/subtopic_batches/batches/iclr26_generative_models_diffusion__flow_matching__b001.jsonl
iclr26_generative_models_diffusion__generative_models_and_autoencoders__b001,generative_models_diffusion,generative_models_and_autoencoders,Generative Models and Autoencoders,25,_private/topic_priority/subtopic_batches/batches/iclr26_generative_models_diffusion__generative_models_and_autoencoders__b001.jsonl
iclr26_generative_models_diffusion__generative_models_and_autoencoders__b002,generative_models_diffusion,generative_models_and_autoencoders,Generative Models and Autoencoders,25,_private/topic_priority/subtopic_batches/batches/iclr26_generative_models_diffusion__generative_models_and_autoencoders__b002.jsonl
iclr26_generative_models_diffusion__generative_models_and_autoencoders__b003,generative_models_diffusion,generative_models_and_autoencoders,Generative Models and Autoencoders,25,_private/topic_priority/subtopic_batches/batches/iclr26_generative_models_diffusion__generative_models_and_autoencoders__b003.jsonl
iclr26_generative_models_diffusion__generative_models_and_autoencoders__b004,generative_models_diffusion,generative_models_and_autoencoders,Generative Models and Autoencoders,25,_private/topic_priority/subtopic_batches/batches/iclr26_generative_models_diffusion__generative_models_and_autoencoders__b004.jsonl
iclr26_generative_models_diffusion__generative_models_and_autoencoders__b005,generative_models_diffusion,generative_models_and_autoencoders,Generative Models and Autoencoders,25,_private/topic_priority/subtopic_batches/batches/iclr26_generative_models_diffusion__generative_models_and_autoencoders__b005.jsonl
iclr26_generative_models_diffusion__generative_models_and_autoencoders__b006,generative_models_diffusion,generative_models_and_autoencoders,Generative Models and Autoencoders,25,_private/topic_priority/subtopic_batches/batches/iclr26_generative_models_diffusion__generative_models_and_autoencoders__b006.jsonl
iclr26_generative_models_diffusion__generative_models_and_autoencoders__b007,generative_models_diffusion,generative_models_and_autoencoders,Generative Models and Autoencoders,25,_private/topic_priority/subtopic_batches/batches/iclr26_generative_models_diffusion__generative_models_and_autoencoders__b007.jsonl
iclr26_generative_models_diffusion__generative_models_and_autoencoders__b008,generative_models_diffusion,generative_models_and_autoencoders,Generative Models and Autoencoders,25,_private/topic_priority/subtopic_batches/batches/iclr26_generative_models_diffusion__generative_models_and_autoencoders__b008.jsonl
iclr26_generative_models_diffusion__generative_models_and_autoencoders__b009,generative_models_diffusion,generative_models_and_autoencoders,Generative Models and Autoencoders,25,_private/topic_priority/subtopic_batches/batches/iclr26_generative_models_diffusion__generative_models_and_autoencoders__b009.jsonl
iclr26_generative_models_diffusion__generative_models_and_autoencoders__b010,generative_models_diffusion,generative_models_and_autoencoders,Generative Models and Autoencoders,25,_private/topic_priority/subtopic_batches/batches/iclr26_generative_models_diffusion__generative_models_and_autoencoders__b010.jsonl
iclr26_generative_models_diffusion__generative_models_and_autoencoders__b011,generative_models_diffusion,generative_models_and_autoencoders,Generative Models and Autoencoders,25,_private/topic_priority/subtopic_batches/batches/iclr26_generative_models_diffusion__generative_models_and_autoencoders__b011.jsonl
iclr26_generative_models_diffusion__generative_models_and_autoencoders__b012,generative_models_diffusion,generative_models_and_autoencoders,Generative Models and Autoencoders,12,_private/topic_priority/subtopic_batches/batches/iclr26_generative_models_diffusion__generative_models_and_autoencoders__b012.jsonl
iclr26_generative_models_diffusion__generative_theory__b001,generative_models_diffusion,generative_theory,Generative Modeling Theory,14,_private/topic_priority/subtopic_batches/batches/iclr26_generative_models_diffusion__generative_theory__b001.jsonl
iclr26_generative_models_diffusion__graph_neural_networks__b001,generative_models_diffusion,graph_neural_networks,Graph Neural Networks,25,_private/topic_priority/subtopic_batches/batches/iclr26_generative_models_diffusion__graph_neural_networks__b001.jsonl
iclr26_generative_models_diffusion__graph_neural_networks__b002,generative_models_diffusion,graph_neural_networks,Graph Neural Networks,25,_private/topic_priority/subtopic_batches/batches/iclr26_generative_models_diffusion__graph_neural_networks__b002.jsonl
iclr26_generative_models_diffusion__graph_neural_networks__b003,generative_models_diffusion,graph_neural_networks,Graph Neural Networks,25,_private/topic_priority/subtopic_batches/batches/iclr26_generative_models_diffusion__graph_neural_networks__b003.jsonl
iclr26_generative_models_diffusion__graph_neural_networks__b004,generative_models_diffusion,graph_neural_networks,Graph Neural Networks,8,_private/topic_priority/subtopic_batches/batches/iclr26_generative_models_diffusion__graph_neural_networks__b004.jsonl
iclr26_generative_models_diffusion__molecular_generation__b001,generative_models_diffusion,molecular_generation,Molecular / Scientific Generation,25,_private/topic_priority/subtopic_batches/batches/iclr26_generative_models_diffusion__molecular_generation__b001.jsonl
iclr26_generative_models_diffusion__molecular_generation__b002,generative_models_diffusion,molecular_generation,Molecular / Scientific Generation,21,_private/topic_priority/subtopic_batches/batches/iclr26_generative_models_diffusion__molecular_generation__b002.jsonl
iclr26_generative_models_diffusion__robustness__b001,generative_models_diffusion,robustness,Robustness,25,_private/topic_priority/subtopic_batches/batches/iclr26_generative_models_diffusion__robustness__b001.jsonl
iclr26_generative_models_diffusion__robustness__b002,generative_models_diffusion,robustness,Robustness,25,_private/topic_priority/subtopic_batches/batches/iclr26_generative_models_diffusion__robustness__b002.jsonl
iclr26_generative_models_diffusion__robustness__b003,generative_models_diffusion,robustness,Robustness,7,_private/topic_priority/subtopic_batches/batches/iclr26_generative_models_diffusion__robustness__b003.jsonl
iclr26_generative_models_diffusion__theory__b001,generative_models_diffusion,theory,Theory,25,_private/topic_priority/subtopic_batches/batches/iclr26_generative_models_diffusion__theory__b001.jsonl
iclr26_generative_models_diffusion__theory__b002,generative_models_diffusion,theory,Theory,25,_private/topic_priority/subtopic_batches/batches/iclr26_generative_models_diffusion__theory__b002.jsonl
iclr26_generative_models_diffusion__theory__b003,generative_models_diffusion,theory,Theory,7,_private/topic_priority/subtopic_batches/batches/iclr26_generative_models_diffusion__theory__b003.jsonl
iclr26_optimization_theory_probabilistic__causality__b001,optimization_theory_probabilistic,causality,Causality,5,_private/topic_priority/subtopic_batches/batches/iclr26_optimization_theory_probabilistic__causality__b001.jsonl
iclr26_optimization_theory_probabilistic__domain_adaptation_and_transfer_learning__b001,optimization_theory_probabilistic,domain_adaptation_and_transfer_learning,Domain Adaptation and Transfer Learning,25,_private/topic_priority/subtopic_batches/batches/iclr26_optimization_theory_probabilistic__domain_adaptation_and_transfer_learning__b001.jsonl
iclr26_optimization_theory_probabilistic__domain_adaptation_and_transfer_learning__b002,optimization_theory_probabilistic,domain_adaptation_and_transfer_learning,Domain Adaptation and Transfer Learning,3,_private/topic_priority/subtopic_batches/batches/iclr26_optimization_theory_probabilistic__domain_adaptation_and_transfer_learning__b002.jsonl
iclr26_optimization_theory_probabilistic__game_theory__b001,optimization_theory_probabilistic,game_theory,Game Theory,17,_private/topic_priority/subtopic_batches/batches/iclr26_optimization_theory_probabilistic__game_theory__b001.jsonl
iclr26_optimization_theory_probabilistic__global_optimization__b001,optimization_theory_probabilistic,global_optimization,Global Optimization,5,_private/topic_priority/subtopic_batches/batches/iclr26_optimization_theory_probabilistic__global_optimization__b001.jsonl
iclr26_optimization_theory_probabilistic__interpretability_and_visualization__b001,optimization_theory_probabilistic,interpretability_and_visualization,Interpretability and Visualization,25,_private/topic_priority/subtopic_batches/batches/iclr26_optimization_theory_probabilistic__interpretability_and_visualization__b001.jsonl
iclr26_optimization_theory_probabilistic__interpretability_and_visualization__b002,optimization_theory_probabilistic,interpretability_and_visualization,Interpretability and Visualization,25,_private/topic_priority/subtopic_batches/batches/iclr26_optimization_theory_probabilistic__interpretability_and_visualization__b002.jsonl
iclr26_optimization_theory_probabilistic__interpretability_and_visualization__b003,optimization_theory_probabilistic,interpretability_and_visualization,Interpretability and Visualization,20,_private/topic_priority/subtopic_batches/batches/iclr26_optimization_theory_probabilistic__interpretability_and_visualization__b003.jsonl
iclr26_optimization_theory_probabilistic__large_scale_parallel_and_distributed__b001,optimization_theory_probabilistic,large_scale_parallel_and_distributed,"Large Scale, Parallel and Distributed",25,_private/topic_priority/subtopic_batches/batches/iclr26_optimization_theory_probabilistic__large_scale_parallel_and_distributed__b001.jsonl
iclr26_optimization_theory_probabilistic__large_scale_parallel_and_distributed__b002,optimization_theory_probabilistic,large_scale_parallel_and_distributed,"Large Scale, Parallel and Distributed",10,_private/topic_priority/subtopic_batches/batches/iclr26_optimization_theory_probabilistic__large_scale_parallel_and_distributed__b002.jsonl
iclr26_optimization_theory_probabilistic__learning_for_optimization__b001,optimization_theory_probabilistic,learning_for_optimization,Learning for Optimization,25,_private/topic_priority/subtopic_batches/batches/iclr26_optimization_theory_probabilistic__learning_for_optimization__b001.jsonl
iclr26_optimization_theory_probabilistic__learning_for_optimization__b002,optimization_theory_probabilistic,learning_for_optimization,Learning for Optimization,16,_private/topic_priority/subtopic_batches/batches/iclr26_optimization_theory_probabilistic__learning_for_optimization__b002.jsonl
iclr26_optimization_theory_probabilistic__learning_theory__b001,optimization_theory_probabilistic,learning_theory,Learning Theory,25,_private/topic_priority/subtopic_batches/batches/iclr26_optimization_theory_probabilistic__learning_theory__b001.jsonl
iclr26_optimization_theory_probabilistic__learning_theory__b002,optimization_theory_probabilistic,learning_theory,Learning Theory,25,_private/topic_priority/subtopic_batches/batches/iclr26_optimization_theory_probabilistic__learning_theory__b002.jsonl
iclr26_optimization_theory_probabilistic__learning_theory__b003,optimization_theory_probabilistic,learning_theory,Learning Theory,25,_private/topic_priority/subtopic_batches/batches/iclr26_optimization_theory_probabilistic__learning_theory__b003.jsonl
iclr26_optimization_theory_probabilistic__learning_theory__b004,optimization_theory_probabilistic,learning_theory,Learning Theory,25,_private/topic_priority/subtopic_batches/batches/iclr26_optimization_theory_probabilistic__learning_theory__b004.jsonl
iclr26_optimization_theory_probabilistic__learning_theory__b005,optimization_theory_probabilistic,learning_theory,Learning Theory,25,_private/topic_priority/subtopic_batches/batches/iclr26_optimization_theory_probabilistic__learning_theory__b005.jsonl
iclr26_optimization_theory_probabilistic__learning_theory__b006,optimization_theory_probabilistic,learning_theory,Learning Theory,14,_private/topic_priority/subtopic_batches/batches/iclr26_optimization_theory_probabilistic__learning_theory__b006.jsonl
iclr26_optimization_theory_probabilistic__non_convex__b001,optimization_theory_probabilistic,non_convex,Non-Convex,25,_private/topic_priority/subtopic_batches/batches/iclr26_optimization_theory_probabilistic__non_convex__b001.jsonl
iclr26_optimization_theory_probabilistic__non_convex__b002,optimization_theory_probabilistic,non_convex,Non-Convex,2,_private/topic_priority/subtopic_batches/batches/iclr26_optimization_theory_probabilistic__non_convex__b002.jsonl
iclr26_optimization_theory_probabilistic__optimization__b001,optimization_theory_probabilistic,optimization,Optimization,25,_private/topic_priority/subtopic_batches/batches/iclr26_optimization_theory_probabilistic__optimization__b001.jsonl
iclr26_optimization_theory_probabilistic__optimization__b002,optimization_theory_probabilistic,optimization,Optimization,6,_private/topic_priority/subtopic_batches/batches/iclr26_optimization_theory_probabilistic__optimization__b002.jsonl
iclr26_optimization_theory_probabilistic__optimization_and_learning_under_uncertainty__b001,optimization_theory_probabilistic,optimization_and_learning_under_uncertainty,Optimization and Learning under Uncertainty,12,_private/topic_priority/subtopic_batches/batches/iclr26_optimization_theory_probabilistic__optimization_and_learning_under_uncertainty__b001.jsonl
iclr26_optimization_theory_probabilistic__optimization_methods__b001,optimization_theory_probabilistic,optimization_methods,Optimization Methods,25,_private/topic_priority/subtopic_batches/batches/iclr26_optimization_theory_probabilistic__optimization_methods__b001.jsonl
iclr26_optimization_theory_probabilistic__optimization_methods__b002,optimization_theory_probabilistic,optimization_methods,Optimization Methods,25,_private/topic_priority/subtopic_batches/batches/iclr26_optimization_theory_probabilistic__optimization_methods__b002.jsonl
iclr26_optimization_theory_probabilistic__optimization_methods__b003,optimization_theory_probabilistic,optimization_methods,Optimization Methods,12,_private/topic_priority/subtopic_batches/batches/iclr26_optimization_theory_probabilistic__optimization_methods__b003.jsonl
iclr26_optimization_theory_probabilistic__probabilistic_methods__b001,optimization_theory_probabilistic,probabilistic_methods,Probabilistic Methods,25,_private/topic_priority/subtopic_batches/batches/iclr26_optimization_theory_probabilistic__probabilistic_methods__b001.jsonl
iclr26_optimization_theory_probabilistic__probabilistic_methods__b002,optimization_theory_probabilistic,probabilistic_methods,Probabilistic Methods,9,_private/topic_priority/subtopic_batches/batches/iclr26_optimization_theory_probabilistic__probabilistic_methods__b002.jsonl
iclr26_optimization_theory_probabilistic__reinforcement_learning_and_planning__b001,optimization_theory_probabilistic,reinforcement_learning_and_planning,Reinforcement Learning and Planning,25,_private/topic_priority/subtopic_batches/batches/iclr26_optimization_theory_probabilistic__reinforcement_learning_and_planning__b001.jsonl
iclr26_optimization_theory_probabilistic__reinforcement_learning_and_planning__b002,optimization_theory_probabilistic,reinforcement_learning_and_planning,Reinforcement Learning and Planning,5,_private/topic_priority/subtopic_batches/batches/iclr26_optimization_theory_probabilistic__reinforcement_learning_and_planning__b002.jsonl
iclr26_optimization_theory_probabilistic__sampling_and_optimization__b001,optimization_theory_probabilistic,sampling_and_optimization,Sampling and Optimization,17,_private/topic_priority/subtopic_batches/batches/iclr26_optimization_theory_probabilistic__sampling_and_optimization__b001.jsonl
iclr26_optimization_theory_probabilistic__zero_order_and_black_box_optimization__b001,optimization_theory_probabilistic,zero_order_and_black_box_optimization,Zero-order and Black-box Optimization,17,_private/topic_priority/subtopic_batches/batches/iclr26_optimization_theory_probabilistic__zero_order_and_black_box_optimization__b001.jsonl
iclr26_other_unclear__other_unclear__b001,other_unclear,other_unclear,Other / Unclear,25,_private/topic_priority/subtopic_batches/batches/iclr26_other_unclear__other_unclear__b001.jsonl
iclr26_other_unclear__other_unclear__b002,other_unclear,other_unclear,Other / Unclear,25,_private/topic_priority/subtopic_batches/batches/iclr26_other_unclear__other_unclear__b002.jsonl
iclr26_other_unclear__other_unclear__b003,other_unclear,other_unclear,Other / Unclear,25,_private/topic_priority/subtopic_batches/batches/iclr26_other_unclear__other_unclear__b003.jsonl
iclr26_other_unclear__other_unclear__b004,other_unclear,other_unclear,Other / Unclear,25,_private/topic_priority/subtopic_batches/batches/iclr26_other_unclear__other_unclear__b004.jsonl
iclr26_other_unclear__other_unclear__b005,other_unclear,other_unclear,Other / Unclear,25,_private/topic_priority/subtopic_batches/batches/iclr26_other_unclear__other_unclear__b005.jsonl
iclr26_other_unclear__other_unclear__b006,other_unclear,other_unclear,Other / Unclear,25,_private/topic_priority/subtopic_batches/batches/iclr26_other_unclear__other_unclear__b006.jsonl
iclr26_other_unclear__other_unclear__b007,other_unclear,other_unclear,Other / Unclear,25,_private/topic_priority/subtopic_batches/batches/iclr26_other_unclear__other_unclear__b007.jsonl
iclr26_other_unclear__other_unclear__b008,other_unclear,other_unclear,Other / Unclear,25,_private/topic_priority/subtopic_batches/batches/iclr26_other_unclear__other_unclear__b008.jsonl
iclr26_other_unclear__other_unclear__b009,other_unclear,other_unclear,Other / Unclear,25,_private/topic_priority/subtopic_batches/batches/iclr26_other_unclear__other_unclear__b009.jsonl
iclr26_other_unclear__other_unclear__b010,other_unclear,other_unclear,Other / Unclear,25,_private/topic_priority/subtopic_batches/batches/iclr26_other_unclear__other_unclear__b010.jsonl
iclr26_other_unclear__other_unclear__b011,other_unclear,other_unclear,Other / Unclear,25,_private/topic_priority/subtopic_batches/batches/iclr26_other_unclear__other_unclear__b011.jsonl
iclr26_other_unclear__other_unclear__b012,other_unclear,other_unclear,Other / Unclear,25,_private/topic_priority/subtopic_batches/batches/iclr26_other_unclear__other_unclear__b012.jsonl
iclr26_other_unclear__other_unclear__b013,other_unclear,other_unclear,Other / Unclear,25,_private/topic_priority/subtopic_batches/batches/iclr26_other_unclear__other_unclear__b013.jsonl
iclr26_other_unclear__other_unclear__b014,other_unclear,other_unclear,Other / Unclear,25,_private/topic_priority/subtopic_batches/batches/iclr26_other_unclear__other_unclear__b014.jsonl
iclr26_other_unclear__other_unclear__b015,other_unclear,other_unclear,Other / Unclear,25,_private/topic_priority/subtopic_batches/batches/iclr26_other_unclear__other_unclear__b015.jsonl
iclr26_other_unclear__other_unclear__b016,other_unclear,other_unclear,Other / Unclear,25,_private/topic_priority/subtopic_batches/batches/iclr26_other_unclear__other_unclear__b016.jsonl
iclr26_other_unclear__other_unclear__b017,other_unclear,other_unclear,Other / Unclear,25,_private/topic_priority/subtopic_batches/batches/iclr26_other_unclear__other_unclear__b017.jsonl
iclr26_other_unclear__other_unclear__b018,other_unclear,other_unclear,Other / Unclear,25,_private/topic_priority/subtopic_batches/batches/iclr26_other_unclear__other_unclear__b018.jsonl
iclr26_other_unclear__other_unclear__b019,other_unclear,other_unclear,Other / Unclear,25,_private/topic_priority/subtopic_batches/batches/iclr26_other_unclear__other_unclear__b019.jsonl
iclr26_other_unclear__other_unclear__b020,other_unclear,other_unclear,Other / Unclear,2,_private/topic_priority/subtopic_batches/batches/iclr26_other_unclear__other_unclear__b020.jsonl
iclr26_reinforcement_learning_planning_agents__bandits_online__b001,reinforcement_learning_planning_agents,bandits_online,Bandits & Online RL,7,_private/topic_priority/subtopic_batches/batches/iclr26_reinforcement_learning_planning_agents__bandits_online__b001.jsonl
iclr26_reinforcement_learning_planning_agents__batch_offline__b001,reinforcement_learning_planning_agents,batch_offline,Batch/Offline,25,_private/topic_priority/subtopic_batches/batches/iclr26_reinforcement_learning_planning_agents__batch_offline__b001.jsonl
iclr26_reinforcement_learning_planning_agents__batch_offline__b002,reinforcement_learning_planning_agents,batch_offline,Batch/Offline,23,_private/topic_priority/subtopic_batches/batches/iclr26_reinforcement_learning_planning_agents__batch_offline__b002.jsonl
iclr26_reinforcement_learning_planning_agents__deep_rl__b001,reinforcement_learning_planning_agents,deep_rl,Deep RL,25,_private/topic_priority/subtopic_batches/batches/iclr26_reinforcement_learning_planning_agents__deep_rl__b001.jsonl
iclr26_reinforcement_learning_planning_agents__deep_rl__b002,reinforcement_learning_planning_agents,deep_rl,Deep RL,25,_private/topic_priority/subtopic_batches/batches/iclr26_reinforcement_learning_planning_agents__deep_rl__b002.jsonl
iclr26_reinforcement_learning_planning_agents__deep_rl__b003,reinforcement_learning_planning_agents,deep_rl,Deep RL,25,_private/topic_priority/subtopic_batches/batches/iclr26_reinforcement_learning_planning_agents__deep_rl__b003.jsonl
iclr26_reinforcement_learning_planning_agents__deep_rl__b004,reinforcement_learning_planning_agents,deep_rl,Deep RL,25,_private/topic_priority/subtopic_batches/batches/iclr26_reinforcement_learning_planning_agents__deep_rl__b004.jsonl
iclr26_reinforcement_learning_planning_agents__deep_rl__b005,reinforcement_learning_planning_agents,deep_rl,Deep RL,25,_private/topic_priority/subtopic_batches/batches/iclr26_reinforcement_learning_planning_agents__deep_rl__b005.jsonl
iclr26_reinforcement_learning_planning_agents__deep_rl__b006,reinforcement_learning_planning_agents,deep_rl,Deep RL,25,_private/topic_priority/subtopic_batches/batches/iclr26_reinforcement_learning_planning_agents__deep_rl__b006.jsonl
iclr26_reinforcement_learning_planning_agents__deep_rl__b007,reinforcement_learning_planning_agents,deep_rl,Deep RL,25,_private/topic_priority/subtopic_batches/batches/iclr26_reinforcement_learning_planning_agents__deep_rl__b007.jsonl
iclr26_reinforcement_learning_planning_agents__deep_rl__b008,reinforcement_learning_planning_agents,deep_rl,Deep RL,25,_private/topic_priority/subtopic_batches/batches/iclr26_reinforcement_learning_planning_agents__deep_rl__b008.jsonl
iclr26_reinforcement_learning_planning_agents__deep_rl__b009,reinforcement_learning_planning_agents,deep_rl,Deep RL,25,_private/topic_priority/subtopic_batches/batches/iclr26_reinforcement_learning_planning_agents__deep_rl__b009.jsonl
iclr26_reinforcement_learning_planning_agents__function_approximation__b001,reinforcement_learning_planning_agents,function_approximation,Function Approximation,5,_private/topic_priority/subtopic_batches/batches/iclr26_reinforcement_learning_planning_agents__function_approximation__b001.jsonl
iclr26_reinforcement_learning_planning_agents__inverse__b001,reinforcement_learning_planning_agents,inverse,Inverse,6,_private/topic_priority/subtopic_batches/batches/iclr26_reinforcement_learning_planning_agents__inverse__b001.jsonl
iclr26_reinforcement_learning_planning_agents__multi_agent__b001,reinforcement_learning_planning_agents,multi_agent,Multi-agent,25,_private/topic_priority/subtopic_batches/batches/iclr26_reinforcement_learning_planning_agents__multi_agent__b001.jsonl
iclr26_reinforcement_learning_planning_agents__multi_agent__b002,reinforcement_learning_planning_agents,multi_agent,Multi-agent,25,_private/topic_priority/subtopic_batches/batches/iclr26_reinforcement_learning_planning_agents__multi_agent__b002.jsonl
iclr26_reinforcement_learning_planning_agents__multi_agent__b003,reinforcement_learning_planning_agents,multi_agent,Multi-agent,5,_private/topic_priority/subtopic_batches/batches/iclr26_reinforcement_learning_planning_agents__multi_agent__b003.jsonl
iclr26_reinforcement_learning_planning_agents__multi_agent_rl__b001,reinforcement_learning_planning_agents,multi_agent_rl,Multi-Agent RL,5,_private/topic_priority/subtopic_batches/batches/iclr26_reinforcement_learning_planning_agents__multi_agent_rl__b001.jsonl
iclr26_reinforcement_learning_planning_agents__offline_batch_rl__b001,reinforcement_learning_planning_agents,offline_batch_rl,Offline / Batch RL,4,_private/topic_priority/subtopic_batches/batches/iclr26_reinforcement_learning_planning_agents__offline_batch_rl__b001.jsonl
iclr26_reinforcement_learning_planning_agents__online__b001,reinforcement_learning_planning_agents,online,Online,25,_private/topic_priority/subtopic_batches/batches/iclr26_reinforcement_learning_planning_agents__online__b001.jsonl
iclr26_reinforcement_learning_planning_agents__online__b002,reinforcement_learning_planning_agents,online,Online,9,_private/topic_priority/subtopic_batches/batches/iclr26_reinforcement_learning_planning_agents__online__b002.jsonl
iclr26_reinforcement_learning_planning_agents__planning__b001,reinforcement_learning_planning_agents,planning,Planning,25,_private/topic_priority/subtopic_batches/batches/iclr26_reinforcement_learning_planning_agents__planning__b001.jsonl
iclr26_reinforcement_learning_planning_agents__planning__b002,reinforcement_learning_planning_agents,planning,Planning,5,_private/topic_priority/subtopic_batches/batches/iclr26_reinforcement_learning_planning_agents__planning__b002.jsonl
iclr26_reinforcement_learning_planning_agents__planning_control__b001,reinforcement_learning_planning_agents,planning_control,Planning & Control,17,_private/topic_priority/subtopic_batches/batches/iclr26_reinforcement_learning_planning_agents__planning_control__b001.jsonl
iclr26_representation_self_supervised_transfer__causality__b001,representation_self_supervised_transfer,causality,Causality,25,_private/topic_priority/subtopic_batches/batches/iclr26_representation_self_supervised_transfer__causality__b001.jsonl
iclr26_representation_self_supervised_transfer__causality__b002,representation_self_supervised_transfer,causality,Causality,23,_private/topic_priority/subtopic_batches/batches/iclr26_representation_self_supervised_transfer__causality__b002.jsonl
iclr26_representation_self_supervised_transfer__probabilistic_methods__b001,representation_self_supervised_transfer,probabilistic_methods,Probabilistic Methods,25,_private/topic_priority/subtopic_batches/batches/iclr26_representation_self_supervised_transfer__probabilistic_methods__b001.jsonl
iclr26_representation_self_supervised_transfer__probabilistic_methods__b002,representation_self_supervised_transfer,probabilistic_methods,Probabilistic Methods,24,_private/topic_priority/subtopic_batches/batches/iclr26_representation_self_supervised_transfer__probabilistic_methods__b002.jsonl
iclr26_representation_self_supervised_transfer__representation_learning__b001,representation_self_supervised_transfer,representation_learning,Representation Learning,25,_private/topic_priority/subtopic_batches/batches/iclr26_representation_self_supervised_transfer__representation_learning__b001.jsonl
iclr26_representation_self_supervised_transfer__representation_learning__b002,representation_self_supervised_transfer,representation_learning,Representation Learning,25,_private/topic_priority/subtopic_batches/batches/iclr26_representation_self_supervised_transfer__representation_learning__b002.jsonl
iclr26_representation_self_supervised_transfer__representation_learning__b003,representation_self_supervised_transfer,representation_learning,Representation Learning,25,_private/topic_priority/subtopic_batches/batches/iclr26_representation_self_supervised_transfer__representation_learning__b003.jsonl
iclr26_representation_self_supervised_transfer__representation_learning__b004,representation_self_supervised_transfer,representation_learning,Representation Learning,25,_private/topic_priority/subtopic_batches/batches/iclr26_representation_self_supervised_transfer__representation_learning__b004.jsonl
iclr26_representation_self_supervised_transfer__representation_learning__b005,representation_self_supervised_transfer,representation_learning,Representation Learning,25,_private/topic_priority/subtopic_batches/batches/iclr26_representation_self_supervised_transfer__representation_learning__b005.jsonl
iclr26_representation_self_supervised_transfer__representation_learning__b006,representation_self_supervised_transfer,representation_learning,Representation Learning,25,_private/topic_priority/subtopic_batches/batches/iclr26_representation_self_supervised_transfer__representation_learning__b006.jsonl
iclr26_representation_self_supervised_transfer__representation_learning__b007,representation_self_supervised_transfer,representation_learning,Representation Learning,25,_private/topic_priority/subtopic_batches/batches/iclr26_representation_self_supervised_transfer__representation_learning__b007.jsonl
iclr26_representation_self_supervised_transfer__representation_learning__b008,representation_self_supervised_transfer,representation_learning,Representation Learning,25,_private/topic_priority/subtopic_batches/batches/iclr26_representation_self_supervised_transfer__representation_learning__b008.jsonl
iclr26_representation_self_supervised_transfer__representation_learning__b009,representation_self_supervised_transfer,representation_learning,Representation Learning,25,_private/topic_priority/subtopic_batches/batches/iclr26_representation_self_supervised_transfer__representation_learning__b009.jsonl
iclr26_representation_self_supervised_transfer__representation_learning__b010,representation_self_supervised_transfer,representation_learning,Representation Learning,12,_private/topic_priority/subtopic_batches/batches/iclr26_representation_self_supervised_transfer__representation_learning__b010.jsonl
iclr26_representation_self_supervised_transfer__self_supervised__b001,representation_self_supervised_transfer,self_supervised,Self-Supervised Learning,1,_private/topic_priority/subtopic_batches/batches/iclr26_representation_self_supervised_transfer__self_supervised__b001.jsonl
iclr26_representation_self_supervised_transfer__transfer_meta__b001,representation_self_supervised_transfer,transfer_meta,"Transfer, Meta & Lifelong Learning",2,_private/topic_priority/subtopic_batches/batches/iclr26_representation_self_supervised_transfer__transfer_meta__b001.jsonl
iclr26_representation_self_supervised_transfer__transfer_multitask_and_meta_learning__b001,representation_self_supervised_transfer,transfer_multitask_and_meta_learning,"Transfer, Multitask and Meta-learning",25,_private/topic_priority/subtopic_batches/batches/iclr26_representation_self_supervised_transfer__transfer_multitask_and_meta_learning__b001.jsonl
iclr26_representation_self_supervised_transfer__transfer_multitask_and_meta_learning__b002,representation_self_supervised_transfer,transfer_multitask_and_meta_learning,"Transfer, Multitask and Meta-learning",25,_private/topic_priority/subtopic_batches/batches/iclr26_representation_self_supervised_transfer__transfer_multitask_and_meta_learning__b002.jsonl
iclr26_representation_self_supervised_transfer__transfer_multitask_and_meta_learning__b003,representation_self_supervised_transfer,transfer_multitask_and_meta_learning,"Transfer, Multitask and Meta-learning",25,_private/topic_priority/subtopic_batches/batches/iclr26_representation_self_supervised_transfer__transfer_multitask_and_meta_learning__b003.jsonl
iclr26_representation_self_supervised_transfer__transfer_multitask_and_meta_learning__b004,representation_self_supervised_transfer,transfer_multitask_and_meta_learning,"Transfer, Multitask and Meta-learning",3,_private/topic_priority/subtopic_batches/batches/iclr26_representation_self_supervised_transfer__transfer_multitask_and_meta_learning__b004.jsonl
iclr26_safety_alignment_fairness_privacy__accountability_transparency_and_interpretability__b001,safety_alignment_fairness_privacy,accountability_transparency_and_interpretability,"Accountability, Transparency and Interpretability",25,_private/topic_priority/subtopic_batches/batches/iclr26_safety_alignment_fairness_privacy__accountability_transparency_and_interpretability__b001.jsonl
iclr26_safety_alignment_fairness_privacy__accountability_transparency_and_interpretability__b002,safety_alignment_fairness_privacy,accountability_transparency_and_interpretability,"Accountability, Transparency and Interpretability",25,_private/topic_priority/subtopic_batches/batches/iclr26_safety_alignment_fairness_privacy__accountability_transparency_and_interpretability__b002.jsonl
iclr26_safety_alignment_fairness_privacy__accountability_transparency_and_interpretability__b003,safety_alignment_fairness_privacy,accountability_transparency_and_interpretability,"Accountability, Transparency and Interpretability",25,_private/topic_priority/subtopic_batches/batches/iclr26_safety_alignment_fairness_privacy__accountability_transparency_and_interpretability__b003.jsonl
iclr26_safety_alignment_fairness_privacy__accountability_transparency_and_interpretability__b004,safety_alignment_fairness_privacy,accountability_transparency_and_interpretability,"Accountability, Transparency and Interpretability",20,_private/topic_priority/subtopic_batches/batches/iclr26_safety_alignment_fairness_privacy__accountability_transparency_and_interpretability__b004.jsonl
iclr26_safety_alignment_fairness_privacy__alignment_preference__b001,safety_alignment_fairness_privacy,alignment_preference,Alignment & Preference Optimization,19,_private/topic_priority/subtopic_batches/batches/iclr26_safety_alignment_fairness_privacy__alignment_preference__b001.jsonl
iclr26_safety_alignment_fairness_privacy__fairness_equity_justice_and_safety__b001,safety_alignment_fairness_privacy,fairness_equity_justice_and_safety,"Fairness, Equity, Justice and Safety",25,_private/topic_priority/subtopic_batches/batches/iclr26_safety_alignment_fairness_privacy__fairness_equity_justice_and_safety__b001.jsonl
iclr26_safety_alignment_fairness_privacy__fairness_equity_justice_and_safety__b002,safety_alignment_fairness_privacy,fairness_equity_justice_and_safety,"Fairness, Equity, Justice and Safety",25,_private/topic_priority/subtopic_batches/batches/iclr26_safety_alignment_fairness_privacy__fairness_equity_justice_and_safety__b002.jsonl
iclr26_safety_alignment_fairness_privacy__fairness_equity_justice_and_safety__b003,safety_alignment_fairness_privacy,fairness_equity_justice_and_safety,"Fairness, Equity, Justice and Safety",25,_private/topic_priority/subtopic_batches/batches/iclr26_safety_alignment_fairness_privacy__fairness_equity_justice_and_safety__b003.jsonl
iclr26_safety_alignment_fairness_privacy__fairness_equity_justice_and_safety__b004,safety_alignment_fairness_privacy,fairness_equity_justice_and_safety,"Fairness, Equity, Justice and Safety",25,_private/topic_priority/subtopic_batches/batches/iclr26_safety_alignment_fairness_privacy__fairness_equity_justice_and_safety__b004.jsonl
iclr26_safety_alignment_fairness_privacy__fairness_equity_justice_and_safety__b005,safety_alignment_fairness_privacy,fairness_equity_justice_and_safety,"Fairness, Equity, Justice and Safety",25,_private/topic_priority/subtopic_batches/batches/iclr26_safety_alignment_fairness_privacy__fairness_equity_justice_and_safety__b005.jsonl
iclr26_safety_alignment_fairness_privacy__fairness_equity_justice_and_safety__b006,safety_alignment_fairness_privacy,fairness_equity_justice_and_safety,"Fairness, Equity, Justice and Safety",10,_private/topic_priority/subtopic_batches/batches/iclr26_safety_alignment_fairness_privacy__fairness_equity_justice_and_safety__b006.jsonl
iclr26_safety_alignment_fairness_privacy__interpretability__b001,safety_alignment_fairness_privacy,interpretability,Interpretability & Accountability,10,_private/topic_priority/subtopic_batches/batches/iclr26_safety_alignment_fairness_privacy__interpretability__b001.jsonl
iclr26_safety_alignment_fairness_privacy__privacy_fairness__b001,safety_alignment_fairness_privacy,privacy_fairness,Privacy & Fairness,7,_private/topic_priority/subtopic_batches/batches/iclr26_safety_alignment_fairness_privacy__privacy_fairness__b001.jsonl
iclr26_safety_alignment_fairness_privacy__privacy_preserving_statistics_and_machine_learning__b001,safety_alignment_fairness_privacy,privacy_preserving_statistics_and_machine_learning,Privacy-preserving Statistics and Machine Learning,25,_private/topic_priority/subtopic_batches/batches/iclr26_safety_alignment_fairness_privacy__privacy_preserving_statistics_and_machine_learning__b001.jsonl
iclr26_safety_alignment_fairness_privacy__privacy_preserving_statistics_and_machine_learning__b002,safety_alignment_fairness_privacy,privacy_preserving_statistics_and_machine_learning,Privacy-preserving Statistics and Machine Learning,25,_private/topic_priority/subtopic_batches/batches/iclr26_safety_alignment_fairness_privacy__privacy_preserving_statistics_and_machine_learning__b002.jsonl
iclr26_safety_alignment_fairness_privacy__privacy_preserving_statistics_and_machine_learning__b003,safety_alignment_fairness_privacy,privacy_preserving_statistics_and_machine_learning,Privacy-preserving Statistics and Machine Learning,1,_private/topic_priority/subtopic_batches/batches/iclr26_safety_alignment_fairness_privacy__privacy_preserving_statistics_and_machine_learning__b003.jsonl
iclr26_safety_alignment_fairness_privacy__safety_security__b001,safety_alignment_fairness_privacy,safety_security,Safety & Security,7,_private/topic_priority/subtopic_batches/batches/iclr26_safety_alignment_fairness_privacy__safety_security__b001.jsonl
iclr26_safety_alignment_fairness_privacy__trustworthy_machine_learning__b001,safety_alignment_fairness_privacy,trustworthy_machine_learning,Trustworthy Machine Learning,25,_private/topic_priority/subtopic_batches/batches/iclr26_safety_alignment_fairness_privacy__trustworthy_machine_learning__b001.jsonl
iclr26_safety_alignment_fairness_privacy__trustworthy_machine_learning__b002,safety_alignment_fairness_privacy,trustworthy_machine_learning,Trustworthy Machine Learning,25,_private/topic_priority/subtopic_batches/batches/iclr26_safety_alignment_fairness_privacy__trustworthy_machine_learning__b002.jsonl
iclr26_safety_alignment_fairness_privacy__trustworthy_machine_learning__b003,safety_alignment_fairness_privacy,trustworthy_machine_learning,Trustworthy Machine Learning,25,_private/topic_priority/subtopic_batches/batches/iclr26_safety_alignment_fairness_privacy__trustworthy_machine_learning__b003.jsonl
iclr26_safety_alignment_fairness_privacy__trustworthy_machine_learning__b004,safety_alignment_fairness_privacy,trustworthy_machine_learning,Trustworthy Machine Learning,25,_private/topic_priority/subtopic_batches/batches/iclr26_safety_alignment_fairness_privacy__trustworthy_machine_learning__b004.jsonl
iclr26_safety_alignment_fairness_privacy__trustworthy_machine_learning__b005,safety_alignment_fairness_privacy,trustworthy_machine_learning,Trustworthy Machine Learning,25,_private/topic_priority/subtopic_batches/batches/iclr26_safety_alignment_fairness_privacy__trustworthy_machine_learning__b005.jsonl
iclr26_safety_alignment_fairness_privacy__trustworthy_machine_learning__b006,safety_alignment_fairness_privacy,trustworthy_machine_learning,Trustworthy Machine Learning,13,_private/topic_priority/subtopic_batches/batches/iclr26_safety_alignment_fairness_privacy__trustworthy_machine_learning__b006.jsonl
iclr26_time_series_dynamical_systems__sequential_anomaly_prediction__b001,time_series_dynamical_systems,sequential_anomaly_prediction,Sequential Prediction & Anomaly Detection,1,_private/topic_priority/subtopic_batches/batches/iclr26_time_series_dynamical_systems__sequential_anomaly_prediction__b001.jsonl
iclr26_time_series_dynamical_systems__time_series_forecasting__b001,time_series_dynamical_systems,time_series_forecasting,Time Series Forecasting,8,_private/topic_priority/subtopic_batches/batches/iclr26_time_series_dynamical_systems__time_series_forecasting__b001.jsonl
iclr26_vision_multimodal_applications__3d_rendering_reconstruction__b001,vision_multimodal_applications,3d_rendering_reconstruction,3D Rendering & Reconstruction,25,_private/topic_priority/subtopic_batches/batches/iclr26_vision_multimodal_applications__3d_rendering_reconstruction__b001.jsonl
iclr26_vision_multimodal_applications__3d_rendering_reconstruction__b002,vision_multimodal_applications,3d_rendering_reconstruction,3D Rendering & Reconstruction,25,_private/topic_priority/subtopic_batches/batches/iclr26_vision_multimodal_applications__3d_rendering_reconstruction__b002.jsonl
iclr26_vision_multimodal_applications__3d_rendering_reconstruction__b003,vision_multimodal_applications,3d_rendering_reconstruction,3D Rendering & Reconstruction,25,_private/topic_priority/subtopic_batches/batches/iclr26_vision_multimodal_applications__3d_rendering_reconstruction__b003.jsonl
iclr26_vision_multimodal_applications__3d_rendering_reconstruction__b004,vision_multimodal_applications,3d_rendering_reconstruction,3D Rendering & Reconstruction,25,_private/topic_priority/subtopic_batches/batches/iclr26_vision_multimodal_applications__3d_rendering_reconstruction__b004.jsonl
iclr26_vision_multimodal_applications__3d_rendering_reconstruction__b005,vision_multimodal_applications,3d_rendering_reconstruction,3D Rendering & Reconstruction,14,_private/topic_priority/subtopic_batches/batches/iclr26_vision_multimodal_applications__3d_rendering_reconstruction__b005.jsonl
iclr26_vision_multimodal_applications__chemistry_and_drug_discovery__b001,vision_multimodal_applications,chemistry_and_drug_discovery,Chemistry and Drug Discovery,25,_private/topic_priority/subtopic_batches/batches/iclr26_vision_multimodal_applications__chemistry_and_drug_discovery__b001.jsonl
iclr26_vision_multimodal_applications__chemistry_and_drug_discovery__b002,vision_multimodal_applications,chemistry_and_drug_discovery,Chemistry and Drug Discovery,25,_private/topic_priority/subtopic_batches/batches/iclr26_vision_multimodal_applications__chemistry_and_drug_discovery__b002.jsonl
iclr26_vision_multimodal_applications__chemistry_and_drug_discovery__b003,vision_multimodal_applications,chemistry_and_drug_discovery,Chemistry and Drug Discovery,25,_private/topic_priority/subtopic_batches/batches/iclr26_vision_multimodal_applications__chemistry_and_drug_discovery__b003.jsonl
iclr26_vision_multimodal_applications__chemistry_and_drug_discovery__b004,vision_multimodal_applications,chemistry_and_drug_discovery,Chemistry and Drug Discovery,14,_private/topic_priority/subtopic_batches/batches/iclr26_vision_multimodal_applications__chemistry_and_drug_discovery__b004.jsonl
iclr26_vision_multimodal_applications__classification_and_understanding__b001,vision_multimodal_applications,classification_and_understanding,Classification and Understanding,25,_private/topic_priority/subtopic_batches/batches/iclr26_vision_multimodal_applications__classification_and_understanding__b001.jsonl
iclr26_vision_multimodal_applications__classification_and_understanding__b002,vision_multimodal_applications,classification_and_understanding,Classification and Understanding,24,_private/topic_priority/subtopic_batches/batches/iclr26_vision_multimodal_applications__classification_and_understanding__b002.jsonl
iclr26_vision_multimodal_applications__climate__b001,vision_multimodal_applications,climate,Climate,13,_private/topic_priority/subtopic_batches/batches/iclr26_vision_multimodal_applications__climate__b001.jsonl
iclr26_vision_multimodal_applications__computer_vision_task__b001,vision_multimodal_applications,computer_vision_task,Computer Vision Tasks,25,_private/topic_priority/subtopic_batches/batches/iclr26_vision_multimodal_applications__computer_vision_task__b001.jsonl
iclr26_vision_multimodal_applications__computer_vision_task__b002,vision_multimodal_applications,computer_vision_task,Computer Vision Tasks,12,_private/topic_priority/subtopic_batches/batches/iclr26_vision_multimodal_applications__computer_vision_task__b002.jsonl
iclr26_vision_multimodal_applications__genetics_cell_biology_health_etc__b001,vision_multimodal_applications,genetics_cell_biology_health_etc,"Genetics, Cell Biology, Health, etc",25,_private/topic_priority/subtopic_batches/batches/iclr26_vision_multimodal_applications__genetics_cell_biology_health_etc__b001.jsonl
iclr26_vision_multimodal_applications__genetics_cell_biology_health_etc__b002,vision_multimodal_applications,genetics_cell_biology_health_etc,"Genetics, Cell Biology, Health, etc",22,_private/topic_priority/subtopic_batches/batches/iclr26_vision_multimodal_applications__genetics_cell_biology_health_etc__b002.jsonl
iclr26_vision_multimodal_applications__health__b001,vision_multimodal_applications,health,Health,25,_private/topic_priority/subtopic_batches/batches/iclr26_vision_multimodal_applications__health__b001.jsonl
iclr26_vision_multimodal_applications__health__b002,vision_multimodal_applications,health,Health,25,_private/topic_priority/subtopic_batches/batches/iclr26_vision_multimodal_applications__health__b002.jsonl
iclr26_vision_multimodal_applications__health__b003,vision_multimodal_applications,health,Health,2,_private/topic_priority/subtopic_batches/batches/iclr26_vision_multimodal_applications__health__b003.jsonl
iclr26_vision_multimodal_applications__image_and_video_generation__b001,vision_multimodal_applications,image_and_video_generation,Image and Video Generation,25,_private/topic_priority/subtopic_batches/batches/iclr26_vision_multimodal_applications__image_and_video_generation__b001.jsonl
iclr26_vision_multimodal_applications__image_and_video_generation__b002,vision_multimodal_applications,image_and_video_generation,Image and Video Generation,25,_private/topic_priority/subtopic_batches/batches/iclr26_vision_multimodal_applications__image_and_video_generation__b002.jsonl
iclr26_vision_multimodal_applications__image_and_video_generation__b003,vision_multimodal_applications,image_and_video_generation,Image and Video Generation,25,_private/topic_priority/subtopic_batches/batches/iclr26_vision_multimodal_applications__image_and_video_generation__b003.jsonl
iclr26_vision_multimodal_applications__image_and_video_generation__b004,vision_multimodal_applications,image_and_video_generation,Image and Video Generation,25,_private/topic_priority/subtopic_batches/batches/iclr26_vision_multimodal_applications__image_and_video_generation__b004.jsonl
iclr26_vision_multimodal_applications__image_and_video_generation__b005,vision_multimodal_applications,image_and_video_generation,Image and Video Generation,25,_private/topic_priority/subtopic_batches/batches/iclr26_vision_multimodal_applications__image_and_video_generation__b005.jsonl
iclr26_vision_multimodal_applications__image_and_video_generation__b006,vision_multimodal_applications,image_and_video_generation,Image and Video Generation,25,_private/topic_priority/subtopic_batches/batches/iclr26_vision_multimodal_applications__image_and_video_generation__b006.jsonl
iclr26_vision_multimodal_applications__image_and_video_generation__b007,vision_multimodal_applications,image_and_video_generation,Image and Video Generation,25,_private/topic_priority/subtopic_batches/batches/iclr26_vision_multimodal_applications__image_and_video_generation__b007.jsonl
iclr26_vision_multimodal_applications__image_and_video_generation__b008,vision_multimodal_applications,image_and_video_generation,Image and Video Generation,25,_private/topic_priority/subtopic_batches/batches/iclr26_vision_multimodal_applications__image_and_video_generation__b008.jsonl
iclr26_vision_multimodal_applications__image_and_video_generation__b009,vision_multimodal_applications,image_and_video_generation,Image and Video Generation,25,_private/topic_priority/subtopic_batches/batches/iclr26_vision_multimodal_applications__image_and_video_generation__b009.jsonl
iclr26_vision_multimodal_applications__image_and_video_generation__b010,vision_multimodal_applications,image_and_video_generation,Image and Video Generation,25,_private/topic_priority/subtopic_batches/batches/iclr26_vision_multimodal_applications__image_and_video_generation__b010.jsonl
iclr26_vision_multimodal_applications__image_and_video_generation__b011,vision_multimodal_applications,image_and_video_generation,Image and Video Generation,25,_private/topic_priority/subtopic_batches/batches/iclr26_vision_multimodal_applications__image_and_video_generation__b011.jsonl
iclr26_vision_multimodal_applications__image_and_video_generation__b012,vision_multimodal_applications,image_and_video_generation,Image and Video Generation,7,_private/topic_priority/subtopic_batches/batches/iclr26_vision_multimodal_applications__image_and_video_generation__b012.jsonl
iclr26_vision_multimodal_applications__language_speech_and_dialog__b001,vision_multimodal_applications,language_speech_and_dialog,"Language, Speech and Dialog",25,_private/topic_priority/subtopic_batches/batches/iclr26_vision_multimodal_applications__language_speech_and_dialog__b001.jsonl
iclr26_vision_multimodal_applications__language_speech_and_dialog__b002,vision_multimodal_applications,language_speech_and_dialog,"Language, Speech and Dialog",25,_private/topic_priority/subtopic_batches/batches/iclr26_vision_multimodal_applications__language_speech_and_dialog__b002.jsonl
iclr26_vision_multimodal_applications__language_speech_and_dialog__b003,vision_multimodal_applications,language_speech_and_dialog,"Language, Speech and Dialog",25,_private/topic_priority/subtopic_batches/batches/iclr26_vision_multimodal_applications__language_speech_and_dialog__b003.jsonl
iclr26_vision_multimodal_applications__language_speech_and_dialog__b004,vision_multimodal_applications,language_speech_and_dialog,"Language, Speech and Dialog",25,_private/topic_priority/subtopic_batches/batches/iclr26_vision_multimodal_applications__language_speech_and_dialog__b004.jsonl
iclr26_vision_multimodal_applications__language_speech_and_dialog__b005,vision_multimodal_applications,language_speech_and_dialog,"Language, Speech and Dialog",25,_private/topic_priority/subtopic_batches/batches/iclr26_vision_multimodal_applications__language_speech_and_dialog__b005.jsonl
iclr26_vision_multimodal_applications__language_speech_and_dialog__b006,vision_multimodal_applications,language_speech_and_dialog,"Language, Speech and Dialog",25,_private/topic_priority/subtopic_batches/batches/iclr26_vision_multimodal_applications__language_speech_and_dialog__b006.jsonl
iclr26_vision_multimodal_applications__language_speech_and_dialog__b007,vision_multimodal_applications,language_speech_and_dialog,"Language, Speech and Dialog",25,_private/topic_priority/subtopic_batches/batches/iclr26_vision_multimodal_applications__language_speech_and_dialog__b007.jsonl
iclr26_vision_multimodal_applications__language_speech_and_dialog__b008,vision_multimodal_applications,language_speech_and_dialog,"Language, Speech and Dialog",25,_private/topic_priority/subtopic_batches/batches/iclr26_vision_multimodal_applications__language_speech_and_dialog__b008.jsonl
iclr26_vision_multimodal_applications__language_speech_and_dialog__b009,vision_multimodal_applications,language_speech_and_dialog,"Language, Speech and Dialog",25,_private/topic_priority/subtopic_batches/batches/iclr26_vision_multimodal_applications__language_speech_and_dialog__b009.jsonl
iclr26_vision_multimodal_applications__language_speech_and_dialog__b010,vision_multimodal_applications,language_speech_and_dialog,"Language, Speech and Dialog",25,_private/topic_priority/subtopic_batches/batches/iclr26_vision_multimodal_applications__language_speech_and_dialog__b010.jsonl
iclr26_vision_multimodal_applications__language_speech_and_dialog__b011,vision_multimodal_applications,language_speech_and_dialog,"Language, Speech and Dialog",25,_private/topic_priority/subtopic_batches/batches/iclr26_vision_multimodal_applications__language_speech_and_dialog__b011.jsonl
iclr26_vision_multimodal_applications__language_speech_and_dialog__b012,vision_multimodal_applications,language_speech_and_dialog,"Language, Speech and Dialog",25,_private/topic_priority/subtopic_batches/batches/iclr26_vision_multimodal_applications__language_speech_and_dialog__b012.jsonl
iclr26_vision_multimodal_applications__language_speech_and_dialog__b013,vision_multimodal_applications,language_speech_and_dialog,"Language, Speech and Dialog",18,_private/topic_priority/subtopic_batches/batches/iclr26_vision_multimodal_applications__language_speech_and_dialog__b013.jsonl
iclr26_vision_multimodal_applications__language_speech_dialog__b001,vision_multimodal_applications,language_speech_dialog,"Language, Speech & Dialog Applications",25,_private/topic_priority/subtopic_batches/batches/iclr26_vision_multimodal_applications__language_speech_dialog__b001.jsonl
iclr26_vision_multimodal_applications__language_speech_dialog__b002,vision_multimodal_applications,language_speech_dialog,"Language, Speech & Dialog Applications",25,_private/topic_priority/subtopic_batches/batches/iclr26_vision_multimodal_applications__language_speech_dialog__b002.jsonl
iclr26_vision_multimodal_applications__language_speech_dialog__b003,vision_multimodal_applications,language_speech_dialog,"Language, Speech & Dialog Applications",25,_private/topic_priority/subtopic_batches/batches/iclr26_vision_multimodal_applications__language_speech_dialog__b003.jsonl
iclr26_vision_multimodal_applications__language_speech_dialog__b004,vision_multimodal_applications,language_speech_dialog,"Language, Speech & Dialog Applications",2,_private/topic_priority/subtopic_batches/batches/iclr26_vision_multimodal_applications__language_speech_dialog__b004.jsonl
iclr26_vision_multimodal_applications__neuroscience_cognitive_science__b001,vision_multimodal_applications,neuroscience_cognitive_science,"Neuroscience, Cognitive Science",25,_private/topic_priority/subtopic_batches/batches/iclr26_vision_multimodal_applications__neuroscience_cognitive_science__b001.jsonl
iclr26_vision_multimodal_applications__neuroscience_cognitive_science__b002,vision_multimodal_applications,neuroscience_cognitive_science,"Neuroscience, Cognitive Science",25,_private/topic_priority/subtopic_batches/batches/iclr26_vision_multimodal_applications__neuroscience_cognitive_science__b002.jsonl
iclr26_vision_multimodal_applications__neuroscience_cognitive_science__b003,vision_multimodal_applications,neuroscience_cognitive_science,"Neuroscience, Cognitive Science",25,_private/topic_priority/subtopic_batches/batches/iclr26_vision_multimodal_applications__neuroscience_cognitive_science__b003.jsonl
iclr26_vision_multimodal_applications__neuroscience_cognitive_science__b004,vision_multimodal_applications,neuroscience_cognitive_science,"Neuroscience, Cognitive Science",25,_private/topic_priority/subtopic_batches/batches/iclr26_vision_multimodal_applications__neuroscience_cognitive_science__b004.jsonl
iclr26_vision_multimodal_applications__neuroscience_cognitive_science__b005,vision_multimodal_applications,neuroscience_cognitive_science,"Neuroscience, Cognitive Science",5,_private/topic_priority/subtopic_batches/batches/iclr26_vision_multimodal_applications__neuroscience_cognitive_science__b005.jsonl
iclr26_vision_multimodal_applications__physics__b001,vision_multimodal_applications,physics,Physics,25,_private/topic_priority/subtopic_batches/batches/iclr26_vision_multimodal_applications__physics__b001.jsonl
iclr26_vision_multimodal_applications__physics__b002,vision_multimodal_applications,physics,Physics,25,_private/topic_priority/subtopic_batches/batches/iclr26_vision_multimodal_applications__physics__b002.jsonl
iclr26_vision_multimodal_applications__physics__b003,vision_multimodal_applications,physics,Physics,10,_private/topic_priority/subtopic_batches/batches/iclr26_vision_multimodal_applications__physics__b003.jsonl
iclr26_vision_multimodal_applications__robotics__b001,vision_multimodal_applications,robotics,Robotics,25,_private/topic_priority/subtopic_batches/batches/iclr26_vision_multimodal_applications__robotics__b001.jsonl
iclr26_vision_multimodal_applications__robotics__b002,vision_multimodal_applications,robotics,Robotics,25,_private/topic_priority/subtopic_batches/batches/iclr26_vision_multimodal_applications__robotics__b002.jsonl
iclr26_vision_multimodal_applications__robotics__b003,vision_multimodal_applications,robotics,Robotics,25,_private/topic_priority/subtopic_batches/batches/iclr26_vision_multimodal_applications__robotics__b003.jsonl
iclr26_vision_multimodal_applications__robotics__b004,vision_multimodal_applications,robotics,Robotics,25,_private/topic_priority/subtopic_batches/batches/iclr26_vision_multimodal_applications__robotics__b004.jsonl
iclr26_vision_multimodal_applications__robotics__b005,vision_multimodal_applications,robotics,Robotics,25,_private/topic_priority/subtopic_batches/batches/iclr26_vision_multimodal_applications__robotics__b005.jsonl
iclr26_vision_multimodal_applications__robotics__b006,vision_multimodal_applications,robotics,Robotics,21,_private/topic_priority/subtopic_batches/batches/iclr26_vision_multimodal_applications__robotics__b006.jsonl
iclr26_vision_multimodal_applications__segmentation__b001,vision_multimodal_applications,segmentation,Segmentation,25,_private/topic_priority/subtopic_batches/batches/iclr26_vision_multimodal_applications__segmentation__b001.jsonl
iclr26_vision_multimodal_applications__time_series__b001,vision_multimodal_applications,time_series,Time Series,25,_private/topic_priority/subtopic_batches/batches/iclr26_vision_multimodal_applications__time_series__b001.jsonl
iclr26_vision_multimodal_applications__time_series__b002,vision_multimodal_applications,time_series,Time Series,25,_private/topic_priority/subtopic_batches/batches/iclr26_vision_multimodal_applications__time_series__b002.jsonl
iclr26_vision_multimodal_applications__time_series__b003,vision_multimodal_applications,time_series,Time Series,25,_private/topic_priority/subtopic_batches/batches/iclr26_vision_multimodal_applications__time_series__b003.jsonl
iclr26_vision_multimodal_applications__time_series__b004,vision_multimodal_applications,time_series,Time Series,22,_private/topic_priority/subtopic_batches/batches/iclr26_vision_multimodal_applications__time_series__b004.jsonl
iclr26_vision_multimodal_applications__video_generation__b001,vision_multimodal_applications,video_generation,Video Generation,2,_private/topic_priority/subtopic_batches/batches/iclr26_vision_multimodal_applications__video_generation__b001.jsonl
iclr26_vision_multimodal_applications__vision_3d__b001,vision_multimodal_applications,vision_3d,"3D Vision, Reconstruction & Rendering",25,_private/topic_priority/subtopic_batches/batches/iclr26_vision_multimodal_applications__vision_3d__b001.jsonl
iclr26_vision_multimodal_applications__vision_3d__b002,vision_multimodal_applications,vision_3d,"3D Vision, Reconstruction & Rendering",5,_private/topic_priority/subtopic_batches/batches/iclr26_vision_multimodal_applications__vision_3d__b002.jsonl
iclr26_vision_multimodal_applications__vision_models_multimodal__b001,vision_multimodal_applications,vision_models_multimodal,Vision Models & Multimodal,25,_private/topic_priority/subtopic_batches/batches/iclr26_vision_multimodal_applications__vision_models_multimodal__b001.jsonl
iclr26_vision_multimodal_applications__vision_models_multimodal__b002,vision_multimodal_applications,vision_models_multimodal,Vision Models & Multimodal,25,_private/topic_priority/subtopic_batches/batches/iclr26_vision_multimodal_applications__vision_models_multimodal__b002.jsonl
iclr26_vision_multimodal_applications__vision_models_multimodal__b003,vision_multimodal_applications,vision_models_multimodal,Vision Models & Multimodal,25,_private/topic_priority/subtopic_batches/batches/iclr26_vision_multimodal_applications__vision_models_multimodal__b003.jsonl
iclr26_vision_multimodal_applications__vision_models_multimodal__b004,vision_multimodal_applications,vision_models_multimodal,Vision Models & Multimodal,25,_private/topic_priority/subtopic_batches/batches/iclr26_vision_multimodal_applications__vision_models_multimodal__b004.jsonl
iclr26_vision_multimodal_applications__vision_models_multimodal__b005,vision_multimodal_applications,vision_models_multimodal,Vision Models & Multimodal,25,_private/topic_priority/subtopic_batches/batches/iclr26_vision_multimodal_applications__vision_models_multimodal__b005.jsonl
iclr26_vision_multimodal_applications__vision_models_multimodal__b006,vision_multimodal_applications,vision_models_multimodal,Vision Models & Multimodal,25,_private/topic_priority/subtopic_batches/batches/iclr26_vision_multimodal_applications__vision_models_multimodal__b006.jsonl
iclr26_vision_multimodal_applications__vision_models_multimodal__b007,vision_multimodal_applications,vision_models_multimodal,Vision Models & Multimodal,25,_private/topic_priority/subtopic_batches/batches/iclr26_vision_multimodal_applications__vision_models_multimodal__b007.jsonl
iclr26_vision_multimodal_applications__vision_models_multimodal__b008,vision_multimodal_applications,vision_models_multimodal,Vision Models & Multimodal,25,_private/topic_priority/subtopic_batches/batches/iclr26_vision_multimodal_applications__vision_models_multimodal__b008.jsonl
iclr26_vision_multimodal_applications__vision_models_multimodal__b009,vision_multimodal_applications,vision_models_multimodal,Vision Models & Multimodal,25,_private/topic_priority/subtopic_batches/batches/iclr26_vision_multimodal_applications__vision_models_multimodal__b009.jsonl
iclr26_vision_multimodal_applications__vision_models_multimodal__b010,vision_multimodal_applications,vision_models_multimodal,Vision Models & Multimodal,25,_private/topic_priority/subtopic_batches/batches/iclr26_vision_multimodal_applications__vision_models_multimodal__b010.jsonl
iclr26_vision_multimodal_applications__vision_models_multimodal__b011,vision_multimodal_applications,vision_models_multimodal,Vision Models & Multimodal,25,_private/topic_priority/subtopic_batches/batches/iclr26_vision_multimodal_applications__vision_models_multimodal__b011.jsonl
iclr26_vision_multimodal_applications__vision_models_multimodal__b012,vision_multimodal_applications,vision_models_multimodal,Vision Models & Multimodal,25,_private/topic_priority/subtopic_batches/batches/iclr26_vision_multimodal_applications__vision_models_multimodal__b012.jsonl
iclr26_vision_multimodal_applications__vision_models_multimodal__b013,vision_multimodal_applications,vision_models_multimodal,Vision Models & Multimodal,25,_private/topic_priority/subtopic_batches/batches/iclr26_vision_multimodal_applications__vision_models_multimodal__b013.jsonl
iclr26_vision_multimodal_applications__vision_models_multimodal__b014,vision_multimodal_applications,vision_models_multimodal,Vision Models & Multimodal,25,_private/topic_priority/subtopic_batches/batches/iclr26_vision_multimodal_applications__vision_models_multimodal__b014.jsonl
iclr26_vision_multimodal_applications__vision_models_multimodal__b015,vision_multimodal_applications,vision_models_multimodal,Vision Models & Multimodal,13,_private/topic_priority/subtopic_batches/batches/iclr26_vision_multimodal_applications__vision_models_multimodal__b015.jsonl
iclr26_vision_multimodal_applications__vision_multimodal__b001,vision_multimodal_applications,vision_multimodal,Vision Models & Multimodal,25,_private/topic_priority/subtopic_batches/batches/iclr26_vision_multimodal_applications__vision_multimodal__b001.jsonl
iclr26_vision_multimodal_applications__vision_multimodal__b002,vision_multimodal_applications,vision_multimodal,Vision Models & Multimodal,25,_private/topic_priority/subtopic_batches/batches/iclr26_vision_multimodal_applications__vision_multimodal__b002.jsonl
iclr26_vision_multimodal_applications__vision_multimodal__b003,vision_multimodal_applications,vision_multimodal,Vision Models & Multimodal,15,_private/topic_priority/subtopic_batches/batches/iclr26_vision_multimodal_applications__vision_multimodal__b003.jsonl
